paper_experiment,model_scale,model_name,optimizer,optimizer_folder,optimizer_variant,optimizer_display_name,bucket,step,trajectory_window,beta_hard,beta_soft,n_widths_hard,n_widths_soft,frequency_bucket_reduction
matched_loss_scaling_break,160m,GPT2-160M,AdamW,adamw_12k,adamw_12k,AdamW 12K,head,1,3,-0.3642585818727621,-0.27539627542339173,8,8,rank0_local
matched_loss_scaling_break,160m,GPT2-160M,AdamW,adamw_12k,adamw_12k,AdamW 12K,head,200,3,-0.3271435470298428,-0.2760535115942445,8,8,rank0_local
matched_loss_scaling_break,160m,GPT2-160M,AdamW,adamw_12k,adamw_12k,AdamW 12K,head,400,3,-0.39926864795818906,-0.27539627542339173,8,8,rank0_local
matched_loss_scaling_break,160m,GPT2-160M,AdamW,adamw_12k,adamw_12k,AdamW 12K,head,600,3,-0.5528783813900535,-0.5618144058369091,8,8,rank0_local
matched_loss_scaling_break,160m,GPT2-160M,AdamW,adamw_12k,adamw_12k,AdamW 12K,head,800,3,-0.4843222808847612,-0.308825547591513,8,8,rank0_local
matched_loss_scaling_break,160m,GPT2-160M,AdamW,adamw_12k,adamw_12k,AdamW 12K,head,1000,3,-0.3382487669409039,-0.007467087742534259,8,8,rank0_local
matched_loss_scaling_break,160m,GPT2-160M,AdamW,adamw_12k,adamw_12k,AdamW 12K,head,1200,3,-0.019482967180217504,0.20863394964298856,8,8,rank0_local
matched_loss_scaling_break,160m,GPT2-160M,AdamW,adamw_12k,adamw_12k,AdamW 12K,head,1400,3,0.06152161110978417,0.27685032498406326,8,8,rank0_local
matched_loss_scaling_break,160m,GPT2-160M,AdamW,adamw_12k,adamw_12k,AdamW 12K,head,1600,3,0.11186955029320507,0.3228888885426247,8,8,rank0_local
matched_loss_scaling_break,160m,GPT2-160M,AdamW,adamw_12k,adamw_12k,AdamW 12K,head,1800,3,0.14095140965820288,0.34562398309699116,8,8,rank0_local
matched_loss_scaling_break,160m,GPT2-160M,AdamW,adamw_12k,adamw_12k,AdamW 12K,head,2000,3,0.16790120207347212,0.35695322604036256,8,8,rank0_local
matched_loss_scaling_break,160m,GPT2-160M,AdamW,adamw_12k,adamw_12k,AdamW 12K,head,2200,3,0.183753775039933,0.40042215891833954,8,8,rank0_local
matched_loss_scaling_break,160m,GPT2-160M,AdamW,adamw_12k,adamw_12k,AdamW 12K,head,2400,3,0.23524987797508778,0.4115425421797994,8,8,rank0_local
matched_loss_scaling_break,160m,GPT2-160M,AdamW,adamw_12k,adamw_12k,AdamW 12K,head,2600,3,0.23828664002181127,0.4193318000966911,8,8,rank0_local
matched_loss_scaling_break,160m,GPT2-160M,AdamW,adamw_12k,adamw_12k,AdamW 12K,head,2800,3,0.2415145227018795,0.4428603267872851,8,8,rank0_local
matched_loss_scaling_break,160m,GPT2-160M,AdamW,adamw_12k,adamw_12k,AdamW 12K,head,3000,3,0.24352642930000565,0.44611507741106704,8,8,rank0_local
matched_loss_scaling_break,160m,GPT2-160M,AdamW,adamw_12k,adamw_12k,AdamW 12K,head,3200,3,0.1901796581296765,0.4668084727405918,8,8,rank0_local
matched_loss_scaling_break,160m,GPT2-160M,AdamW,adamw_12k,adamw_12k,AdamW 12K,head,3400,3,0.11844856833197089,0.4136021305105803,8,8,rank0_local
matched_loss_scaling_break,160m,GPT2-160M,AdamW,adamw_12k,adamw_12k,AdamW 12K,head,3600,3,0.15169473894229604,0.42866543211881575,8,8,rank0_local
matched_loss_scaling_break,160m,GPT2-160M,AdamW,adamw_12k,adamw_12k,AdamW 12K,head,3800,3,0.13820347261707464,0.4251005529508077,8,8,rank0_local
matched_loss_scaling_break,160m,GPT2-160M,AdamW,adamw_12k,adamw_12k,AdamW 12K,head,4000,3,0.12410108155251243,0.4222145220874711,8,8,rank0_local
matched_loss_scaling_break,160m,GPT2-160M,AdamW,adamw_12k,adamw_12k,AdamW 12K,head,4200,3,0.1215586359668995,0.4057322929298322,8,8,rank0_local
matched_loss_scaling_break,160m,GPT2-160M,AdamW,adamw_12k,adamw_12k,AdamW 12K,head,4400,3,0.14024089054390398,0.40388487356851416,8,8,rank0_local
matched_loss_scaling_break,160m,GPT2-160M,AdamW,adamw_12k,adamw_12k,AdamW 12K,head,4600,3,0.1280089458628021,0.40948676839016906,8,8,rank0_local
matched_loss_scaling_break,160m,GPT2-160M,AdamW,adamw_12k,adamw_12k,AdamW 12K,head,4800,3,0.09296677410950653,0.4164736861628163,8,8,rank0_local
matched_loss_scaling_break,160m,GPT2-160M,AdamW,adamw_12k,adamw_12k,AdamW 12K,head,5000,3,0.11622824860752029,0.4222910400647186,8,8,rank0_local
matched_loss_scaling_break,160m,GPT2-160M,AdamW,adamw_12k,adamw_12k,AdamW 12K,head,5200,3,0.09822012630908296,0.41218306893685563,8,8,rank0_local
matched_loss_scaling_break,160m,GPT2-160M,AdamW,adamw_12k,adamw_12k,AdamW 12K,head,5400,3,0.11907658756482935,0.39339856805812684,8,8,rank0_local
matched_loss_scaling_break,160m,GPT2-160M,AdamW,adamw_12k,adamw_12k,AdamW 12K,head,5600,3,0.1137722886569844,0.3839238636517282,8,8,rank0_local
matched_loss_scaling_break,160m,GPT2-160M,AdamW,adamw_12k,adamw_12k,AdamW 12K,head,5800,3,0.04294162967247022,0.3658817450077101,8,8,rank0_local
matched_loss_scaling_break,160m,GPT2-160M,AdamW,adamw_12k,adamw_12k,AdamW 12K,head,6000,3,0.05411515429948408,0.36010437512448074,8,8,rank0_local
matched_loss_scaling_break,160m,GPT2-160M,AdamW,adamw_12k,adamw_12k,AdamW 12K,head,6200,3,0.06432319528540976,0.3637430893844978,8,8,rank0_local
matched_loss_scaling_break,160m,GPT2-160M,AdamW,adamw_12k,adamw_12k,AdamW 12K,head,6400,3,0.11236557836748125,0.39959108878022537,8,8,rank0_local
matched_loss_scaling_break,160m,GPT2-160M,AdamW,adamw_12k,adamw_12k,AdamW 12K,head,6600,3,0.1428951871076157,0.4002296653618873,8,8,rank0_local
matched_loss_scaling_break,160m,GPT2-160M,AdamW,adamw_12k,adamw_12k,AdamW 12K,head,6800,3,0.1265670833942142,0.389043281213841,8,8,rank0_local
matched_loss_scaling_break,160m,GPT2-160M,AdamW,adamw_12k,adamw_12k,AdamW 12K,head,7000,3,0.11917622641032934,0.39757394515556016,8,8,rank0_local
matched_loss_scaling_break,160m,GPT2-160M,AdamW,adamw_12k,adamw_12k,AdamW 12K,head,7200,3,0.10222414068251674,0.3851269002522179,8,8,rank0_local
matched_loss_scaling_break,160m,GPT2-160M,AdamW,adamw_12k,adamw_12k,AdamW 12K,head,7400,3,0.10831065779382207,0.3885327911017041,8,8,rank0_local
matched_loss_scaling_break,160m,GPT2-160M,AdamW,adamw_12k,adamw_12k,AdamW 12K,head,7600,3,0.12398397789341668,0.39826313792304274,8,8,rank0_local
matched_loss_scaling_break,160m,GPT2-160M,AdamW,adamw_12k,adamw_12k,AdamW 12K,head,7800,3,0.1629406853548243,0.4062546824774257,8,8,rank0_local
matched_loss_scaling_break,160m,GPT2-160M,AdamW,adamw_12k,adamw_12k,AdamW 12K,head,8000,3,0.18372716985239407,0.38963895902729934,8,8,rank0_local
matched_loss_scaling_break,160m,GPT2-160M,AdamW,adamw_12k,adamw_12k,AdamW 12K,head,8200,3,0.0905370863424274,0.38271691799371255,8,8,rank0_local
matched_loss_scaling_break,160m,GPT2-160M,AdamW,adamw_12k,adamw_12k,AdamW 12K,head,8400,3,0.06249906602060893,0.35436284683732466,8,8,rank0_local
matched_loss_scaling_break,160m,GPT2-160M,AdamW,adamw_12k,adamw_12k,AdamW 12K,head,8600,3,0.05393648933560737,0.35436284683732466,8,8,rank0_local
matched_loss_scaling_break,160m,GPT2-160M,AdamW,adamw_12k,adamw_12k,AdamW 12K,head,8800,3,0.039986551125590665,0.31727247505236056,8,8,rank0_local
matched_loss_scaling_break,160m,GPT2-160M,AdamW,adamw_12k,adamw_12k,AdamW 12K,head,9000,3,0.0075217836166602174,0.3195216600508848,8,8,rank0_local
matched_loss_scaling_break,160m,GPT2-160M,AdamW,adamw_12k,adamw_12k,AdamW 12K,head,9200,3,0.11557504709546544,0.34602189845352876,8,8,rank0_local
matched_loss_scaling_break,160m,GPT2-160M,AdamW,adamw_12k,adamw_12k,AdamW 12K,head,9400,3,0.11805066157735168,0.3873736597120816,8,8,rank0_local
matched_loss_scaling_break,160m,GPT2-160M,AdamW,adamw_12k,adamw_12k,AdamW 12K,head,9600,3,0.07941105686345257,0.38616969785442234,8,8,rank0_local
matched_loss_scaling_break,160m,GPT2-160M,AdamW,adamw_12k,adamw_12k,AdamW 12K,head,9800,3,0.11123446624476255,0.39712280216312396,8,8,rank0_local
matched_loss_scaling_break,160m,GPT2-160M,AdamW,adamw_12k,adamw_12k,AdamW 12K,head,10000,3,0.09505572522607662,0.4091599804964461,8,8,rank0_local
matched_loss_scaling_break,160m,GPT2-160M,AdamW,adamw_12k,adamw_12k,AdamW 12K,head,10200,3,0.11685487096243495,0.3996259883025255,8,8,rank0_local
matched_loss_scaling_break,160m,GPT2-160M,AdamW,adamw_12k,adamw_12k,AdamW 12K,head,10400,3,0.14467337114207454,0.4273959617213341,8,8,rank0_local
matched_loss_scaling_break,160m,GPT2-160M,AdamW,adamw_12k,adamw_12k,AdamW 12K,head,10600,3,0.08446919274186274,0.391260654741301,8,8,rank0_local
matched_loss_scaling_break,160m,GPT2-160M,AdamW,adamw_12k,adamw_12k,AdamW 12K,head,10800,3,0.14159652714996265,0.429871504922832,8,8,rank0_local
matched_loss_scaling_break,160m,GPT2-160M,AdamW,adamw_12k,adamw_12k,AdamW 12K,head,11000,3,0.14860712550796015,0.42354052849199664,8,8,rank0_local
matched_loss_scaling_break,160m,GPT2-160M,AdamW,adamw_12k,adamw_12k,AdamW 12K,head,11200,3,0.15616461002375348,0.4340685852138041,8,8,rank0_local
matched_loss_scaling_break,160m,GPT2-160M,AdamW,adamw_12k,adamw_12k,AdamW 12K,head,11400,3,0.16354805345506235,0.4302862513871136,8,8,rank0_local
matched_loss_scaling_break,160m,GPT2-160M,AdamW,adamw_12k,adamw_12k,AdamW 12K,head,11600,3,0.16633872860449703,0.4103923297196439,8,8,rank0_local
matched_loss_scaling_break,160m,GPT2-160M,AdamW,adamw_12k,adamw_12k,AdamW 12K,head,11800,3,0.15050759322394766,0.40443302587389574,8,8,rank0_local
matched_loss_scaling_break,160m,GPT2-160M,AdamW,adamw_12k,adamw_12k,AdamW 12K,head,12000,3,0.13726531978405643,0.414486800001007,8,8,rank0_local
matched_loss_scaling_break,160m,GPT2-160M,AdamW,adamw_12k,adamw_12k,AdamW 12K,mid,1,3,0.3820091775408704,0.4612845884383941,8,8,rank0_local
matched_loss_scaling_break,160m,GPT2-160M,AdamW,adamw_12k,adamw_12k,AdamW 12K,mid,200,3,0.35692006336692544,0.4338846027630507,8,8,rank0_local
matched_loss_scaling_break,160m,GPT2-160M,AdamW,adamw_12k,adamw_12k,AdamW 12K,mid,400,3,-0.7055352713964387,-0.6449157427407096,8,8,rank0_local
matched_loss_scaling_break,160m,GPT2-160M,AdamW,adamw_12k,adamw_12k,AdamW 12K,mid,600,3,-0.7055352713964387,-0.6449157427407096,8,8,rank0_local
matched_loss_scaling_break,160m,GPT2-160M,AdamW,adamw_12k,adamw_12k,AdamW 12K,mid,800,3,-0.3783073533796098,-0.1340454982659532,8,8,rank0_local
matched_loss_scaling_break,160m,GPT2-160M,AdamW,adamw_12k,adamw_12k,AdamW 12K,mid,1000,3,-0.1117885193093791,0.10296050785353683,8,8,rank0_local
matched_loss_scaling_break,160m,GPT2-160M,AdamW,adamw_12k,adamw_12k,AdamW 12K,mid,1200,3,0.09675491888746902,0.25654509174879353,8,8,rank0_local
matched_loss_scaling_break,160m,GPT2-160M,AdamW,adamw_12k,adamw_12k,AdamW 12K,mid,1400,3,0.16604188575294548,0.3173869891081302,8,8,rank0_local
matched_loss_scaling_break,160m,GPT2-160M,AdamW,adamw_12k,adamw_12k,AdamW 12K,mid,1600,3,0.2106647492452665,0.3204545273458506,8,8,rank0_local
matched_loss_scaling_break,160m,GPT2-160M,AdamW,adamw_12k,adamw_12k,AdamW 12K,mid,1800,3,0.20504111953733758,0.32282571628297774,8,8,rank0_local
matched_loss_scaling_break,160m,GPT2-160M,AdamW,adamw_12k,adamw_12k,AdamW 12K,mid,2000,3,0.1882896150625968,0.3584055880094881,8,8,rank0_local
matched_loss_scaling_break,160m,GPT2-160M,AdamW,adamw_12k,adamw_12k,AdamW 12K,mid,2200,3,0.1924909994108969,0.39813522599369416,8,8,rank0_local
matched_loss_scaling_break,160m,GPT2-160M,AdamW,adamw_12k,adamw_12k,AdamW 12K,mid,2400,3,0.17793957686239856,0.4134494010544789,8,8,rank0_local
matched_loss_scaling_break,160m,GPT2-160M,AdamW,adamw_12k,adamw_12k,AdamW 12K,mid,2600,3,0.19818115710370643,0.41137382209330664,8,8,rank0_local
matched_loss_scaling_break,160m,GPT2-160M,AdamW,adamw_12k,adamw_12k,AdamW 12K,mid,2800,3,0.18036741751663066,0.4136726471361906,8,8,rank0_local
matched_loss_scaling_break,160m,GPT2-160M,AdamW,adamw_12k,adamw_12k,AdamW 12K,mid,3000,3,0.1629092802283028,0.4150430969668069,8,8,rank0_local
matched_loss_scaling_break,160m,GPT2-160M,AdamW,adamw_12k,adamw_12k,AdamW 12K,mid,3200,3,0.1659206109039961,0.4394236809548416,8,8,rank0_local
matched_loss_scaling_break,160m,GPT2-160M,AdamW,adamw_12k,adamw_12k,AdamW 12K,mid,3400,3,0.18335221297580442,0.4399299527685556,8,8,rank0_local
matched_loss_scaling_break,160m,GPT2-160M,AdamW,adamw_12k,adamw_12k,AdamW 12K,mid,3600,3,0.1816746343439515,0.4530911306340592,8,8,rank0_local
matched_loss_scaling_break,160m,GPT2-160M,AdamW,adamw_12k,adamw_12k,AdamW 12K,mid,3800,3,0.20826491746600428,0.4500579102113293,8,8,rank0_local
matched_loss_scaling_break,160m,GPT2-160M,AdamW,adamw_12k,adamw_12k,AdamW 12K,mid,4000,3,0.21880718477495628,0.4515530485678594,8,8,rank0_local
matched_loss_scaling_break,160m,GPT2-160M,AdamW,adamw_12k,adamw_12k,AdamW 12K,mid,4200,3,0.21627803314868949,0.44934738515134665,8,8,rank0_local
matched_loss_scaling_break,160m,GPT2-160M,AdamW,adamw_12k,adamw_12k,AdamW 12K,mid,4400,3,0.17462647767874392,0.4369427069933743,8,8,rank0_local
matched_loss_scaling_break,160m,GPT2-160M,AdamW,adamw_12k,adamw_12k,AdamW 12K,mid,4600,3,0.1778557964045091,0.4498529895224112,8,8,rank0_local
matched_loss_scaling_break,160m,GPT2-160M,AdamW,adamw_12k,adamw_12k,AdamW 12K,mid,4800,3,0.1954973736472597,0.4546294961346146,8,8,rank0_local
matched_loss_scaling_break,160m,GPT2-160M,AdamW,adamw_12k,adamw_12k,AdamW 12K,mid,5000,3,0.20184496328539792,0.4578146349313026,8,8,rank0_local
matched_loss_scaling_break,160m,GPT2-160M,AdamW,adamw_12k,adamw_12k,AdamW 12K,mid,5200,3,0.1798182888929799,0.4630062421999688,8,8,rank0_local
matched_loss_scaling_break,160m,GPT2-160M,AdamW,adamw_12k,adamw_12k,AdamW 12K,mid,5400,3,0.18890114184325135,0.46096989976286923,8,8,rank0_local
matched_loss_scaling_break,160m,GPT2-160M,AdamW,adamw_12k,adamw_12k,AdamW 12K,mid,5600,3,0.16745218503556883,0.4598119605876421,8,8,rank0_local
matched_loss_scaling_break,160m,GPT2-160M,AdamW,adamw_12k,adamw_12k,AdamW 12K,mid,5800,3,0.14887159716533663,0.4306436200255706,8,8,rank0_local
matched_loss_scaling_break,160m,GPT2-160M,AdamW,adamw_12k,adamw_12k,AdamW 12K,mid,6000,3,0.15259203062090018,0.4244004738689995,8,8,rank0_local
matched_loss_scaling_break,160m,GPT2-160M,AdamW,adamw_12k,adamw_12k,AdamW 12K,mid,6200,3,0.17123753579393725,0.4443269861043001,8,8,rank0_local
matched_loss_scaling_break,160m,GPT2-160M,AdamW,adamw_12k,adamw_12k,AdamW 12K,mid,6400,3,0.16772583392378562,0.4440131153662262,8,8,rank0_local
matched_loss_scaling_break,160m,GPT2-160M,AdamW,adamw_12k,adamw_12k,AdamW 12K,mid,6600,3,0.17697837480424466,0.44432970838743957,8,8,rank0_local
matched_loss_scaling_break,160m,GPT2-160M,AdamW,adamw_12k,adamw_12k,AdamW 12K,mid,6800,3,0.19638594553768757,0.43187913923069815,8,8,rank0_local
matched_loss_scaling_break,160m,GPT2-160M,AdamW,adamw_12k,adamw_12k,AdamW 12K,mid,7000,3,0.1571617859840529,0.4353079411484998,8,8,rank0_local
matched_loss_scaling_break,160m,GPT2-160M,AdamW,adamw_12k,adamw_12k,AdamW 12K,mid,7200,3,0.15851412675442897,0.44325173687254693,8,8,rank0_local
matched_loss_scaling_break,160m,GPT2-160M,AdamW,adamw_12k,adamw_12k,AdamW 12K,mid,7400,3,0.16100162265217624,0.4446111414831186,8,8,rank0_local
matched_loss_scaling_break,160m,GPT2-160M,AdamW,adamw_12k,adamw_12k,AdamW 12K,mid,7600,3,0.1361813508956461,0.4494761352164524,8,8,rank0_local
matched_loss_scaling_break,160m,GPT2-160M,AdamW,adamw_12k,adamw_12k,AdamW 12K,mid,7800,3,0.15569904284959318,0.4302754945820659,8,8,rank0_local
matched_loss_scaling_break,160m,GPT2-160M,AdamW,adamw_12k,adamw_12k,AdamW 12K,mid,8000,3,0.14062782631706483,0.41448255362362824,8,8,rank0_local
matched_loss_scaling_break,160m,GPT2-160M,AdamW,adamw_12k,adamw_12k,AdamW 12K,mid,8200,3,0.08885972968801485,0.4144555709455845,8,8,rank0_local
matched_loss_scaling_break,160m,GPT2-160M,AdamW,adamw_12k,adamw_12k,AdamW 12K,mid,8400,3,0.1062120126263572,0.4192643015414822,8,8,rank0_local
matched_loss_scaling_break,160m,GPT2-160M,AdamW,adamw_12k,adamw_12k,AdamW 12K,mid,8600,3,0.09683097159915789,0.40393978562320854,8,8,rank0_local
matched_loss_scaling_break,160m,GPT2-160M,AdamW,adamw_12k,adamw_12k,AdamW 12K,mid,8800,3,0.14421797699001185,0.40715929278354474,8,8,rank0_local
matched_loss_scaling_break,160m,GPT2-160M,AdamW,adamw_12k,adamw_12k,AdamW 12K,mid,9000,3,0.13514168684979252,0.40866896867330377,8,8,rank0_local
matched_loss_scaling_break,160m,GPT2-160M,AdamW,adamw_12k,adamw_12k,AdamW 12K,mid,9200,3,0.15969888097891888,0.43668459621273825,8,8,rank0_local
matched_loss_scaling_break,160m,GPT2-160M,AdamW,adamw_12k,adamw_12k,AdamW 12K,mid,9400,3,0.13435271521558753,0.4270545454810785,8,8,rank0_local
matched_loss_scaling_break,160m,GPT2-160M,AdamW,adamw_12k,adamw_12k,AdamW 12K,mid,9600,3,0.15775972196056567,0.4364372471852696,8,8,rank0_local
matched_loss_scaling_break,160m,GPT2-160M,AdamW,adamw_12k,adamw_12k,AdamW 12K,mid,9800,3,0.1446206507811027,0.43402948260326457,8,8,rank0_local
matched_loss_scaling_break,160m,GPT2-160M,AdamW,adamw_12k,adamw_12k,AdamW 12K,mid,10000,3,0.0818475917041249,0.44106416499059126,8,8,rank0_local
matched_loss_scaling_break,160m,GPT2-160M,AdamW,adamw_12k,adamw_12k,AdamW 12K,mid,10200,3,0.10970945035929627,0.4348333649069654,8,8,rank0_local
matched_loss_scaling_break,160m,GPT2-160M,AdamW,adamw_12k,adamw_12k,AdamW 12K,mid,10400,3,0.11747366215751401,0.43173972001640587,8,8,rank0_local
matched_loss_scaling_break,160m,GPT2-160M,AdamW,adamw_12k,adamw_12k,AdamW 12K,mid,10600,3,0.1441439387743982,0.4371479060963539,8,8,rank0_local
matched_loss_scaling_break,160m,GPT2-160M,AdamW,adamw_12k,adamw_12k,AdamW 12K,mid,10800,3,0.1296897076351391,0.4581448063603382,8,8,rank0_local
matched_loss_scaling_break,160m,GPT2-160M,AdamW,adamw_12k,adamw_12k,AdamW 12K,mid,11000,3,0.14707758021289774,0.46268215153444,8,8,rank0_local
matched_loss_scaling_break,160m,GPT2-160M,AdamW,adamw_12k,adamw_12k,AdamW 12K,mid,11200,3,0.15939077273657618,0.45602194785547545,8,8,rank0_local
matched_loss_scaling_break,160m,GPT2-160M,AdamW,adamw_12k,adamw_12k,AdamW 12K,mid,11400,3,0.152975764800139,0.45845856345411995,8,8,rank0_local
matched_loss_scaling_break,160m,GPT2-160M,AdamW,adamw_12k,adamw_12k,AdamW 12K,mid,11600,3,0.1547214570901947,0.46088649605502896,8,8,rank0_local
matched_loss_scaling_break,160m,GPT2-160M,AdamW,adamw_12k,adamw_12k,AdamW 12K,mid,11800,3,0.14969441352861057,0.46285104506530694,8,8,rank0_local
matched_loss_scaling_break,160m,GPT2-160M,AdamW,adamw_12k,adamw_12k,AdamW 12K,mid,12000,3,0.13510726686148836,0.47001177350308315,8,8,rank0_local
matched_loss_scaling_break,160m,GPT2-160M,AdamW,adamw_12k,adamw_12k,AdamW 12K,tail,1,3,0.5322827125491478,0.5881065266465267,8,8,rank0_local
matched_loss_scaling_break,160m,GPT2-160M,AdamW,adamw_12k,adamw_12k,AdamW 12K,tail,200,3,0.5165141029435978,0.569517755691436,8,8,rank0_local
matched_loss_scaling_break,160m,GPT2-160M,AdamW,adamw_12k,adamw_12k,AdamW 12K,tail,400,3,-0.41857898903679247,-0.5394845825199774,8,8,rank0_local
matched_loss_scaling_break,160m,GPT2-160M,AdamW,adamw_12k,adamw_12k,AdamW 12K,tail,600,3,-0.41857898903679247,-0.5394845825199774,8,8,rank0_local
matched_loss_scaling_break,160m,GPT2-160M,AdamW,adamw_12k,adamw_12k,AdamW 12K,tail,800,3,-0.37690543383137604,-0.14742116891363305,8,8,rank0_local
matched_loss_scaling_break,160m,GPT2-160M,AdamW,adamw_12k,adamw_12k,AdamW 12K,tail,1000,3,-0.04367857984332404,0.16670513461327993,8,8,rank0_local
matched_loss_scaling_break,160m,GPT2-160M,AdamW,adamw_12k,adamw_12k,AdamW 12K,tail,1200,3,0.14855637572497504,0.39838692229383776,8,8,rank0_local
matched_loss_scaling_break,160m,GPT2-160M,AdamW,adamw_12k,adamw_12k,AdamW 12K,tail,1400,3,0.2009610988038494,0.4174170581802923,8,8,rank0_local
matched_loss_scaling_break,160m,GPT2-160M,AdamW,adamw_12k,adamw_12k,AdamW 12K,tail,1600,3,0.2445837149556283,0.4865845790080221,8,8,rank0_local
matched_loss_scaling_break,160m,GPT2-160M,AdamW,adamw_12k,adamw_12k,AdamW 12K,tail,1800,3,0.22424593463308803,0.47128659070606543,8,8,rank0_local
matched_loss_scaling_break,160m,GPT2-160M,AdamW,adamw_12k,adamw_12k,AdamW 12K,tail,2000,3,0.2365927823706847,0.5278567706283941,8,8,rank0_local
matched_loss_scaling_break,160m,GPT2-160M,AdamW,adamw_12k,adamw_12k,AdamW 12K,tail,2200,3,0.27221942666083637,0.5216196673673796,8,8,rank0_local
matched_loss_scaling_break,160m,GPT2-160M,AdamW,adamw_12k,adamw_12k,AdamW 12K,tail,2400,3,0.2629568439159569,0.5317869013932582,8,8,rank0_local
matched_loss_scaling_break,160m,GPT2-160M,AdamW,adamw_12k,adamw_12k,AdamW 12K,tail,2600,3,0.2927415117351904,0.5461077222463733,8,8,rank0_local
matched_loss_scaling_break,160m,GPT2-160M,AdamW,adamw_12k,adamw_12k,AdamW 12K,tail,2800,3,0.3160787542893701,0.5535994954898171,8,8,rank0_local
matched_loss_scaling_break,160m,GPT2-160M,AdamW,adamw_12k,adamw_12k,AdamW 12K,tail,3000,3,0.3135202567182762,0.5568935973661779,8,8,rank0_local
matched_loss_scaling_break,160m,GPT2-160M,AdamW,adamw_12k,adamw_12k,AdamW 12K,tail,3200,3,0.29268718525323156,0.5439386217533283,8,8,rank0_local
matched_loss_scaling_break,160m,GPT2-160M,AdamW,adamw_12k,adamw_12k,AdamW 12K,tail,3400,3,0.31617158942755164,0.5544445234079864,8,8,rank0_local
matched_loss_scaling_break,160m,GPT2-160M,AdamW,adamw_12k,adamw_12k,AdamW 12K,tail,3600,3,0.30520050690042894,0.5565162539625162,8,8,rank0_local
matched_loss_scaling_break,160m,GPT2-160M,AdamW,adamw_12k,adamw_12k,AdamW 12K,tail,3800,3,0.32659858353254007,0.5513726792703032,8,8,rank0_local
matched_loss_scaling_break,160m,GPT2-160M,AdamW,adamw_12k,adamw_12k,AdamW 12K,tail,4000,3,0.30882696674514853,0.5417987011839254,8,8,rank0_local
matched_loss_scaling_break,160m,GPT2-160M,AdamW,adamw_12k,adamw_12k,AdamW 12K,tail,4200,3,0.2907669304591239,0.5357846810071103,8,8,rank0_local
matched_loss_scaling_break,160m,GPT2-160M,AdamW,adamw_12k,adamw_12k,AdamW 12K,tail,4400,3,0.2907669304591239,0.5370224651523104,8,8,rank0_local
matched_loss_scaling_break,160m,GPT2-160M,AdamW,adamw_12k,adamw_12k,AdamW 12K,tail,4600,3,0.2987237939976734,0.5381751974720188,8,8,rank0_local
matched_loss_scaling_break,160m,GPT2-160M,AdamW,adamw_12k,adamw_12k,AdamW 12K,tail,4800,3,0.32131309409527714,0.5562336237581725,8,8,rank0_local
matched_loss_scaling_break,160m,GPT2-160M,AdamW,adamw_12k,adamw_12k,AdamW 12K,tail,5000,3,0.2839613071171688,0.5650539703212516,8,8,rank0_local
matched_loss_scaling_break,160m,GPT2-160M,AdamW,adamw_12k,adamw_12k,AdamW 12K,tail,5200,3,0.3040317652995945,0.5606711604875736,8,8,rank0_local
matched_loss_scaling_break,160m,GPT2-160M,AdamW,adamw_12k,adamw_12k,AdamW 12K,tail,5400,3,0.281601447779956,0.5668042088693083,8,8,rank0_local
matched_loss_scaling_break,160m,GPT2-160M,AdamW,adamw_12k,adamw_12k,AdamW 12K,tail,5600,3,0.312547909150272,0.5699595859471872,8,8,rank0_local
matched_loss_scaling_break,160m,GPT2-160M,AdamW,adamw_12k,adamw_12k,AdamW 12K,tail,5800,3,0.30891533221611733,0.5682486970008258,8,8,rank0_local
matched_loss_scaling_break,160m,GPT2-160M,AdamW,adamw_12k,adamw_12k,AdamW 12K,tail,6000,3,0.3056547793906786,0.56583083059233,8,8,rank0_local
matched_loss_scaling_break,160m,GPT2-160M,AdamW,adamw_12k,adamw_12k,AdamW 12K,tail,6200,3,0.2887293377016644,0.5646565763763245,8,8,rank0_local
matched_loss_scaling_break,160m,GPT2-160M,AdamW,adamw_12k,adamw_12k,AdamW 12K,tail,6400,3,0.27144009682938647,0.5572041422640116,8,8,rank0_local
matched_loss_scaling_break,160m,GPT2-160M,AdamW,adamw_12k,adamw_12k,AdamW 12K,tail,6600,3,0.2529045397718421,0.5571862091208197,8,8,rank0_local
matched_loss_scaling_break,160m,GPT2-160M,AdamW,adamw_12k,adamw_12k,AdamW 12K,tail,6800,3,0.23873711686701937,0.5339296882899871,8,8,rank0_local
matched_loss_scaling_break,160m,GPT2-160M,AdamW,adamw_12k,adamw_12k,AdamW 12K,tail,7000,3,0.15713413429196724,0.5426537798663064,8,8,rank0_local
matched_loss_scaling_break,160m,GPT2-160M,AdamW,adamw_12k,adamw_12k,AdamW 12K,tail,7200,3,0.14617045426884884,0.5372272040027014,8,8,rank0_local
matched_loss_scaling_break,160m,GPT2-160M,AdamW,adamw_12k,adamw_12k,AdamW 12K,tail,7400,3,0.15623316902931852,0.5376826533039953,8,8,rank0_local
matched_loss_scaling_break,160m,GPT2-160M,AdamW,adamw_12k,adamw_12k,AdamW 12K,tail,7600,3,0.12874408686756425,0.5368437983719316,8,8,rank0_local
matched_loss_scaling_break,160m,GPT2-160M,AdamW,adamw_12k,adamw_12k,AdamW 12K,tail,7800,3,0.14198363449899315,0.5380961687037367,8,8,rank0_local
matched_loss_scaling_break,160m,GPT2-160M,AdamW,adamw_12k,adamw_12k,AdamW 12K,tail,8000,3,0.1458544700439587,0.532828003210118,8,8,rank0_local
matched_loss_scaling_break,160m,GPT2-160M,AdamW,adamw_12k,adamw_12k,AdamW 12K,tail,8200,3,0.12571915298297762,0.5296151524270707,8,8,rank0_local
matched_loss_scaling_break,160m,GPT2-160M,AdamW,adamw_12k,adamw_12k,AdamW 12K,tail,8400,3,0.11986080591616971,0.5282271833193468,8,8,rank0_local
matched_loss_scaling_break,160m,GPT2-160M,AdamW,adamw_12k,adamw_12k,AdamW 12K,tail,8600,3,0.09727407860726675,0.5314766526292155,8,8,rank0_local
matched_loss_scaling_break,160m,GPT2-160M,AdamW,adamw_12k,adamw_12k,AdamW 12K,tail,8800,3,0.12488444616096418,0.5284406540570246,8,8,rank0_local
matched_loss_scaling_break,160m,GPT2-160M,AdamW,adamw_12k,adamw_12k,AdamW 12K,tail,9000,3,0.14421559149316335,0.48700016333976226,8,8,rank0_local
matched_loss_scaling_break,160m,GPT2-160M,AdamW,adamw_12k,adamw_12k,AdamW 12K,tail,9200,3,0.1924120474642858,0.5172122255257847,8,8,rank0_local
matched_loss_scaling_break,160m,GPT2-160M,AdamW,adamw_12k,adamw_12k,AdamW 12K,tail,9400,3,0.1836834004325365,0.5131859276863786,8,8,rank0_local
matched_loss_scaling_break,160m,GPT2-160M,AdamW,adamw_12k,adamw_12k,AdamW 12K,tail,9600,3,0.1691936912456072,0.5229821255231019,8,8,rank0_local
matched_loss_scaling_break,160m,GPT2-160M,AdamW,adamw_12k,adamw_12k,AdamW 12K,tail,9800,3,0.1777103208093727,0.5264399798410486,8,8,rank0_local
matched_loss_scaling_break,160m,GPT2-160M,AdamW,adamw_12k,adamw_12k,AdamW 12K,tail,10000,3,0.19374620146464724,0.5464359047329393,8,8,rank0_local
matched_loss_scaling_break,160m,GPT2-160M,AdamW,adamw_12k,adamw_12k,AdamW 12K,tail,10200,3,0.23918361846372094,0.5374770762739023,8,8,rank0_local
matched_loss_scaling_break,160m,GPT2-160M,AdamW,adamw_12k,adamw_12k,AdamW 12K,tail,10400,3,0.22493186849291882,0.5408544518572096,8,8,rank0_local
matched_loss_scaling_break,160m,GPT2-160M,AdamW,adamw_12k,adamw_12k,AdamW 12K,tail,10600,3,0.16812693929934489,0.5187427823088113,8,8,rank0_local
matched_loss_scaling_break,160m,GPT2-160M,AdamW,adamw_12k,adamw_12k,AdamW 12K,tail,10800,3,0.09233971273919049,0.5135354780763909,8,8,rank0_local
matched_loss_scaling_break,160m,GPT2-160M,AdamW,adamw_12k,adamw_12k,AdamW 12K,tail,11000,3,0.18296479534002655,0.5101691903054668,8,8,rank0_local
matched_loss_scaling_break,160m,GPT2-160M,AdamW,adamw_12k,adamw_12k,AdamW 12K,tail,11200,3,0.20555793678632892,0.5273242800856529,8,8,rank0_local
matched_loss_scaling_break,160m,GPT2-160M,AdamW,adamw_12k,adamw_12k,AdamW 12K,tail,11400,3,0.21505019019017724,0.5304759261874362,8,8,rank0_local
matched_loss_scaling_break,160m,GPT2-160M,AdamW,adamw_12k,adamw_12k,AdamW 12K,tail,11600,3,0.20818523944974632,0.5306858595723306,8,8,rank0_local
matched_loss_scaling_break,160m,GPT2-160M,AdamW,adamw_12k,adamw_12k,AdamW 12K,tail,11800,3,0.1563336257050884,0.528324245901856,8,8,rank0_local
matched_loss_scaling_break,160m,GPT2-160M,AdamW,adamw_12k,adamw_12k,AdamW 12K,tail,12000,3,0.17503091910243299,0.5308324764585878,8,8,rank0_local
