paper_experiment,model_scale,model_name,optimizer,optimizer_folder,optimizer_variant,optimizer_display_name,bucket,width_multiplier,ffn_hidden_dim,step,hard_rank,hard_rank_smoothed,smoothing_window,frequency_bucket_reduction
matched_loss_scaling_break,160m,GPT2-160M,AdamW,adamw_12k,adamw_12k,AdamW 12K,head,1,768,1,9.059999999999999,9.059999999999999,3,rank0_local
matched_loss_scaling_break,160m,GPT2-160M,AdamW,adamw_12k,adamw_12k,AdamW 12K,head,1,768,200,3.665,6.362499999999999,3,rank0_local
matched_loss_scaling_break,160m,GPT2-160M,AdamW,adamw_12k,adamw_12k,AdamW 12K,head,1,768,400,13.3,9.059999999999999,3,rank0_local
matched_loss_scaling_break,160m,GPT2-160M,AdamW,adamw_12k,adamw_12k,AdamW 12K,head,1,768,600,47.17,13.3,3,rank0_local
matched_loss_scaling_break,160m,GPT2-160M,AdamW,adamw_12k,adamw_12k,AdamW 12K,head,1,768,800,70.88,47.17,3,rank0_local
matched_loss_scaling_break,160m,GPT2-160M,AdamW,adamw_12k,adamw_12k,AdamW 12K,head,1,768,1000,72.195,70.88,3,rank0_local
matched_loss_scaling_break,160m,GPT2-160M,AdamW,adamw_12k,adamw_12k,AdamW 12K,head,1,768,1200,62.614999999999995,70.88,3,rank0_local
matched_loss_scaling_break,160m,GPT2-160M,AdamW,adamw_12k,adamw_12k,AdamW 12K,head,1,768,1400,86.42,72.195,3,rank0_local
matched_loss_scaling_break,160m,GPT2-160M,AdamW,adamw_12k,adamw_12k,AdamW 12K,head,1,768,1600,78.755,78.755,3,rank0_local
matched_loss_scaling_break,160m,GPT2-160M,AdamW,adamw_12k,adamw_12k,AdamW 12K,head,1,768,1800,78.61,78.755,3,rank0_local
matched_loss_scaling_break,160m,GPT2-160M,AdamW,adamw_12k,adamw_12k,AdamW 12K,head,1,768,2000,77.225,78.61,3,rank0_local
matched_loss_scaling_break,160m,GPT2-160M,AdamW,adamw_12k,adamw_12k,AdamW 12K,head,1,768,2200,68.36500000000001,77.225,3,rank0_local
matched_loss_scaling_break,160m,GPT2-160M,AdamW,adamw_12k,adamw_12k,AdamW 12K,head,1,768,2400,65.09,68.36500000000001,3,rank0_local
matched_loss_scaling_break,160m,GPT2-160M,AdamW,adamw_12k,adamw_12k,AdamW 12K,head,1,768,2600,67.465,67.465,3,rank0_local
matched_loss_scaling_break,160m,GPT2-160M,AdamW,adamw_12k,adamw_12k,AdamW 12K,head,1,768,2800,67.29499999999999,67.29499999999999,3,rank0_local
matched_loss_scaling_break,160m,GPT2-160M,AdamW,adamw_12k,adamw_12k,AdamW 12K,head,1,768,3000,62.8,67.29499999999999,3,rank0_local
matched_loss_scaling_break,160m,GPT2-160M,AdamW,adamw_12k,adamw_12k,AdamW 12K,head,1,768,3200,60.379999999999995,62.8,3,rank0_local
matched_loss_scaling_break,160m,GPT2-160M,AdamW,adamw_12k,adamw_12k,AdamW 12K,head,1,768,3400,60.629999999999995,60.629999999999995,3,rank0_local
matched_loss_scaling_break,160m,GPT2-160M,AdamW,adamw_12k,adamw_12k,AdamW 12K,head,1,768,3600,64.13499999999999,60.629999999999995,3,rank0_local
matched_loss_scaling_break,160m,GPT2-160M,AdamW,adamw_12k,adamw_12k,AdamW 12K,head,1,768,3800,57.06,60.629999999999995,3,rank0_local
matched_loss_scaling_break,160m,GPT2-160M,AdamW,adamw_12k,adamw_12k,AdamW 12K,head,1,768,4000,61.685,61.685,3,rank0_local
matched_loss_scaling_break,160m,GPT2-160M,AdamW,adamw_12k,adamw_12k,AdamW 12K,head,1,768,4200,64.53999999999999,61.685,3,rank0_local
matched_loss_scaling_break,160m,GPT2-160M,AdamW,adamw_12k,adamw_12k,AdamW 12K,head,1,768,4400,60.125,61.685,3,rank0_local
matched_loss_scaling_break,160m,GPT2-160M,AdamW,adamw_12k,adamw_12k,AdamW 12K,head,1,768,4600,61.795,61.795,3,rank0_local
matched_loss_scaling_break,160m,GPT2-160M,AdamW,adamw_12k,adamw_12k,AdamW 12K,head,1,768,4800,55.07,60.125,3,rank0_local
matched_loss_scaling_break,160m,GPT2-160M,AdamW,adamw_12k,adamw_12k,AdamW 12K,head,1,768,5000,53.870000000000005,55.07,3,rank0_local
matched_loss_scaling_break,160m,GPT2-160M,AdamW,adamw_12k,adamw_12k,AdamW 12K,head,1,768,5200,53.68,53.870000000000005,3,rank0_local
matched_loss_scaling_break,160m,GPT2-160M,AdamW,adamw_12k,adamw_12k,AdamW 12K,head,1,768,5400,52.42,53.68,3,rank0_local
matched_loss_scaling_break,160m,GPT2-160M,AdamW,adamw_12k,adamw_12k,AdamW 12K,head,1,768,5600,46.66,52.42,3,rank0_local
matched_loss_scaling_break,160m,GPT2-160M,AdamW,adamw_12k,adamw_12k,AdamW 12K,head,1,768,5800,53.785,52.42,3,rank0_local
matched_loss_scaling_break,160m,GPT2-160M,AdamW,adamw_12k,adamw_12k,AdamW 12K,head,1,768,6000,50.83,50.83,3,rank0_local
matched_loss_scaling_break,160m,GPT2-160M,AdamW,adamw_12k,adamw_12k,AdamW 12K,head,1,768,6200,48.7,50.83,3,rank0_local
matched_loss_scaling_break,160m,GPT2-160M,AdamW,adamw_12k,adamw_12k,AdamW 12K,head,1,768,6400,51.6,50.83,3,rank0_local
matched_loss_scaling_break,160m,GPT2-160M,AdamW,adamw_12k,adamw_12k,AdamW 12K,head,1,768,6600,52.94,51.6,3,rank0_local
matched_loss_scaling_break,160m,GPT2-160M,AdamW,adamw_12k,adamw_12k,AdamW 12K,head,1,768,6800,42.33,51.6,3,rank0_local
matched_loss_scaling_break,160m,GPT2-160M,AdamW,adamw_12k,adamw_12k,AdamW 12K,head,1,768,7000,49.06999999999999,49.06999999999999,3,rank0_local
matched_loss_scaling_break,160m,GPT2-160M,AdamW,adamw_12k,adamw_12k,AdamW 12K,head,1,768,7200,49.57,49.06999999999999,3,rank0_local
matched_loss_scaling_break,160m,GPT2-160M,AdamW,adamw_12k,adamw_12k,AdamW 12K,head,1,768,7400,50.165,49.57,3,rank0_local
matched_loss_scaling_break,160m,GPT2-160M,AdamW,adamw_12k,adamw_12k,AdamW 12K,head,1,768,7600,47.145,49.57,3,rank0_local
matched_loss_scaling_break,160m,GPT2-160M,AdamW,adamw_12k,adamw_12k,AdamW 12K,head,1,768,7800,38.995000000000005,47.145,3,rank0_local
matched_loss_scaling_break,160m,GPT2-160M,AdamW,adamw_12k,adamw_12k,AdamW 12K,head,1,768,8000,42.019999999999996,42.019999999999996,3,rank0_local
matched_loss_scaling_break,160m,GPT2-160M,AdamW,adamw_12k,adamw_12k,AdamW 12K,head,1,768,8200,47.7,42.019999999999996,3,rank0_local
matched_loss_scaling_break,160m,GPT2-160M,AdamW,adamw_12k,adamw_12k,AdamW 12K,head,1,768,8400,45.765,45.765,3,rank0_local
matched_loss_scaling_break,160m,GPT2-160M,AdamW,adamw_12k,adamw_12k,AdamW 12K,head,1,768,8600,41.215,45.765,3,rank0_local
matched_loss_scaling_break,160m,GPT2-160M,AdamW,adamw_12k,adamw_12k,AdamW 12K,head,1,768,8800,51.565,45.765,3,rank0_local
matched_loss_scaling_break,160m,GPT2-160M,AdamW,adamw_12k,adamw_12k,AdamW 12K,head,1,768,9000,46.685,46.685,3,rank0_local
matched_loss_scaling_break,160m,GPT2-160M,AdamW,adamw_12k,adamw_12k,AdamW 12K,head,1,768,9200,45.974999999999994,46.685,3,rank0_local
matched_loss_scaling_break,160m,GPT2-160M,AdamW,adamw_12k,adamw_12k,AdamW 12K,head,1,768,9400,47.120000000000005,46.685,3,rank0_local
matched_loss_scaling_break,160m,GPT2-160M,AdamW,adamw_12k,adamw_12k,AdamW 12K,head,1,768,9600,41.120000000000005,45.974999999999994,3,rank0_local
matched_loss_scaling_break,160m,GPT2-160M,AdamW,adamw_12k,adamw_12k,AdamW 12K,head,1,768,9800,42.785,42.785,3,rank0_local
matched_loss_scaling_break,160m,GPT2-160M,AdamW,adamw_12k,adamw_12k,AdamW 12K,head,1,768,10000,41.885000000000005,41.885000000000005,3,rank0_local
matched_loss_scaling_break,160m,GPT2-160M,AdamW,adamw_12k,adamw_12k,AdamW 12K,head,1,768,10200,47.28,42.785,3,rank0_local
matched_loss_scaling_break,160m,GPT2-160M,AdamW,adamw_12k,adamw_12k,AdamW 12K,head,1,768,10400,45.805,45.805,3,rank0_local
matched_loss_scaling_break,160m,GPT2-160M,AdamW,adamw_12k,adamw_12k,AdamW 12K,head,1,768,10600,42.625,45.805,3,rank0_local
matched_loss_scaling_break,160m,GPT2-160M,AdamW,adamw_12k,adamw_12k,AdamW 12K,head,1,768,10800,47.42,45.805,3,rank0_local
matched_loss_scaling_break,160m,GPT2-160M,AdamW,adamw_12k,adamw_12k,AdamW 12K,head,1,768,11000,44.035,44.035,3,rank0_local
matched_loss_scaling_break,160m,GPT2-160M,AdamW,adamw_12k,adamw_12k,AdamW 12K,head,1,768,11200,44.2,44.2,3,rank0_local
matched_loss_scaling_break,160m,GPT2-160M,AdamW,adamw_12k,adamw_12k,AdamW 12K,head,1,768,11400,48.315,44.2,3,rank0_local
matched_loss_scaling_break,160m,GPT2-160M,AdamW,adamw_12k,adamw_12k,AdamW 12K,head,1,768,11600,44.620000000000005,44.620000000000005,3,rank0_local
matched_loss_scaling_break,160m,GPT2-160M,AdamW,adamw_12k,adamw_12k,AdamW 12K,head,1,768,11800,46.11,46.11,3,rank0_local
matched_loss_scaling_break,160m,GPT2-160M,AdamW,adamw_12k,adamw_12k,AdamW 12K,head,1,768,12000,45.995000000000005,45.995000000000005,3,rank0_local
matched_loss_scaling_break,160m,GPT2-160M,AdamW,adamw_12k,adamw_12k,AdamW 12K,mid,1,768,1,74.88,74.88,3,rank0_local
matched_loss_scaling_break,160m,GPT2-160M,AdamW,adamw_12k,adamw_12k,AdamW 12K,mid,1,768,200,4.97,39.925,3,rank0_local
matched_loss_scaling_break,160m,GPT2-160M,AdamW,adamw_12k,adamw_12k,AdamW 12K,mid,1,768,400,28.215000000000003,28.215000000000003,3,rank0_local
matched_loss_scaling_break,160m,GPT2-160M,AdamW,adamw_12k,adamw_12k,AdamW 12K,mid,1,768,600,85.085,28.215000000000003,3,rank0_local
matched_loss_scaling_break,160m,GPT2-160M,AdamW,adamw_12k,adamw_12k,AdamW 12K,mid,1,768,800,128.86,85.085,3,rank0_local
matched_loss_scaling_break,160m,GPT2-160M,AdamW,adamw_12k,adamw_12k,AdamW 12K,mid,1,768,1000,156.555,128.86,3,rank0_local
matched_loss_scaling_break,160m,GPT2-160M,AdamW,adamw_12k,adamw_12k,AdamW 12K,mid,1,768,1200,154.73,154.73,3,rank0_local
matched_loss_scaling_break,160m,GPT2-160M,AdamW,adamw_12k,adamw_12k,AdamW 12K,mid,1,768,1400,151.57,154.73,3,rank0_local
matched_loss_scaling_break,160m,GPT2-160M,AdamW,adamw_12k,adamw_12k,AdamW 12K,mid,1,768,1600,167.615,154.73,3,rank0_local
matched_loss_scaling_break,160m,GPT2-160M,AdamW,adamw_12k,adamw_12k,AdamW 12K,mid,1,768,1800,162.45499999999998,162.45499999999998,3,rank0_local
matched_loss_scaling_break,160m,GPT2-160M,AdamW,adamw_12k,adamw_12k,AdamW 12K,mid,1,768,2000,175.68,167.615,3,rank0_local
matched_loss_scaling_break,160m,GPT2-160M,AdamW,adamw_12k,adamw_12k,AdamW 12K,mid,1,768,2200,179.24,175.68,3,rank0_local
matched_loss_scaling_break,160m,GPT2-160M,AdamW,adamw_12k,adamw_12k,AdamW 12K,mid,1,768,2400,191.8,179.24,3,rank0_local
matched_loss_scaling_break,160m,GPT2-160M,AdamW,adamw_12k,adamw_12k,AdamW 12K,mid,1,768,2600,183.525,183.525,3,rank0_local
matched_loss_scaling_break,160m,GPT2-160M,AdamW,adamw_12k,adamw_12k,AdamW 12K,mid,1,768,2800,193.44,191.8,3,rank0_local
matched_loss_scaling_break,160m,GPT2-160M,AdamW,adamw_12k,adamw_12k,AdamW 12K,mid,1,768,3000,173.025,183.525,3,rank0_local
matched_loss_scaling_break,160m,GPT2-160M,AdamW,adamw_12k,adamw_12k,AdamW 12K,mid,1,768,3200,185.655,185.655,3,rank0_local
matched_loss_scaling_break,160m,GPT2-160M,AdamW,adamw_12k,adamw_12k,AdamW 12K,mid,1,768,3400,179.46,179.46,3,rank0_local
matched_loss_scaling_break,160m,GPT2-160M,AdamW,adamw_12k,adamw_12k,AdamW 12K,mid,1,768,3600,186.82999999999998,185.655,3,rank0_local
matched_loss_scaling_break,160m,GPT2-160M,AdamW,adamw_12k,adamw_12k,AdamW 12K,mid,1,768,3800,169.39,179.46,3,rank0_local
matched_loss_scaling_break,160m,GPT2-160M,AdamW,adamw_12k,adamw_12k,AdamW 12K,mid,1,768,4000,188.445,186.82999999999998,3,rank0_local
matched_loss_scaling_break,160m,GPT2-160M,AdamW,adamw_12k,adamw_12k,AdamW 12K,mid,1,768,4200,181.95,181.95,3,rank0_local
matched_loss_scaling_break,160m,GPT2-160M,AdamW,adamw_12k,adamw_12k,AdamW 12K,mid,1,768,4400,179.7,181.95,3,rank0_local
matched_loss_scaling_break,160m,GPT2-160M,AdamW,adamw_12k,adamw_12k,AdamW 12K,mid,1,768,4600,174.315,179.7,3,rank0_local
matched_loss_scaling_break,160m,GPT2-160M,AdamW,adamw_12k,adamw_12k,AdamW 12K,mid,1,768,4800,167.015,174.315,3,rank0_local
matched_loss_scaling_break,160m,GPT2-160M,AdamW,adamw_12k,adamw_12k,AdamW 12K,mid,1,768,5000,179.115,174.315,3,rank0_local
matched_loss_scaling_break,160m,GPT2-160M,AdamW,adamw_12k,adamw_12k,AdamW 12K,mid,1,768,5200,174.54000000000002,174.54000000000002,3,rank0_local
matched_loss_scaling_break,160m,GPT2-160M,AdamW,adamw_12k,adamw_12k,AdamW 12K,mid,1,768,5400,174.655,174.655,3,rank0_local
matched_loss_scaling_break,160m,GPT2-160M,AdamW,adamw_12k,adamw_12k,AdamW 12K,mid,1,768,5600,173.395,174.54000000000002,3,rank0_local
matched_loss_scaling_break,160m,GPT2-160M,AdamW,adamw_12k,adamw_12k,AdamW 12K,mid,1,768,5800,158.255,173.395,3,rank0_local
matched_loss_scaling_break,160m,GPT2-160M,AdamW,adamw_12k,adamw_12k,AdamW 12K,mid,1,768,6000,179.365,173.395,3,rank0_local
matched_loss_scaling_break,160m,GPT2-160M,AdamW,adamw_12k,adamw_12k,AdamW 12K,mid,1,768,6200,174.36,174.36,3,rank0_local
matched_loss_scaling_break,160m,GPT2-160M,AdamW,adamw_12k,adamw_12k,AdamW 12K,mid,1,768,6400,153.995,174.36,3,rank0_local
matched_loss_scaling_break,160m,GPT2-160M,AdamW,adamw_12k,adamw_12k,AdamW 12K,mid,1,768,6600,166.37,166.37,3,rank0_local
matched_loss_scaling_break,160m,GPT2-160M,AdamW,adamw_12k,adamw_12k,AdamW 12K,mid,1,768,6800,147.20499999999998,153.995,3,rank0_local
matched_loss_scaling_break,160m,GPT2-160M,AdamW,adamw_12k,adamw_12k,AdamW 12K,mid,1,768,7000,165.375,165.375,3,rank0_local
matched_loss_scaling_break,160m,GPT2-160M,AdamW,adamw_12k,adamw_12k,AdamW 12K,mid,1,768,7200,166.165,165.375,3,rank0_local
matched_loss_scaling_break,160m,GPT2-160M,AdamW,adamw_12k,adamw_12k,AdamW 12K,mid,1,768,7400,167.165,166.165,3,rank0_local
matched_loss_scaling_break,160m,GPT2-160M,AdamW,adamw_12k,adamw_12k,AdamW 12K,mid,1,768,7600,156.47500000000002,166.165,3,rank0_local
matched_loss_scaling_break,160m,GPT2-160M,AdamW,adamw_12k,adamw_12k,AdamW 12K,mid,1,768,7800,155.60500000000002,156.47500000000002,3,rank0_local
matched_loss_scaling_break,160m,GPT2-160M,AdamW,adamw_12k,adamw_12k,AdamW 12K,mid,1,768,8000,167.58999999999997,156.47500000000002,3,rank0_local
matched_loss_scaling_break,160m,GPT2-160M,AdamW,adamw_12k,adamw_12k,AdamW 12K,mid,1,768,8200,163.15,163.15,3,rank0_local
matched_loss_scaling_break,160m,GPT2-160M,AdamW,adamw_12k,adamw_12k,AdamW 12K,mid,1,768,8400,161.42000000000002,163.15,3,rank0_local
matched_loss_scaling_break,160m,GPT2-160M,AdamW,adamw_12k,adamw_12k,AdamW 12K,mid,1,768,8600,158.81,161.42000000000002,3,rank0_local
matched_loss_scaling_break,160m,GPT2-160M,AdamW,adamw_12k,adamw_12k,AdamW 12K,mid,1,768,8800,152.70499999999998,158.81,3,rank0_local
matched_loss_scaling_break,160m,GPT2-160M,AdamW,adamw_12k,adamw_12k,AdamW 12K,mid,1,768,9000,152.195,152.70499999999998,3,rank0_local
matched_loss_scaling_break,160m,GPT2-160M,AdamW,adamw_12k,adamw_12k,AdamW 12K,mid,1,768,9200,166.075,152.70499999999998,3,rank0_local
matched_loss_scaling_break,160m,GPT2-160M,AdamW,adamw_12k,adamw_12k,AdamW 12K,mid,1,768,9400,167.93,166.075,3,rank0_local
matched_loss_scaling_break,160m,GPT2-160M,AdamW,adamw_12k,adamw_12k,AdamW 12K,mid,1,768,9600,168.405,167.93,3,rank0_local
matched_loss_scaling_break,160m,GPT2-160M,AdamW,adamw_12k,adamw_12k,AdamW 12K,mid,1,768,9800,153.985,167.93,3,rank0_local
matched_loss_scaling_break,160m,GPT2-160M,AdamW,adamw_12k,adamw_12k,AdamW 12K,mid,1,768,10000,165.445,165.445,3,rank0_local
matched_loss_scaling_break,160m,GPT2-160M,AdamW,adamw_12k,adamw_12k,AdamW 12K,mid,1,768,10200,155.15,155.15,3,rank0_local
matched_loss_scaling_break,160m,GPT2-160M,AdamW,adamw_12k,adamw_12k,AdamW 12K,mid,1,768,10400,164.37,164.37,3,rank0_local
matched_loss_scaling_break,160m,GPT2-160M,AdamW,adamw_12k,adamw_12k,AdamW 12K,mid,1,768,10600,157.57,157.57,3,rank0_local
matched_loss_scaling_break,160m,GPT2-160M,AdamW,adamw_12k,adamw_12k,AdamW 12K,mid,1,768,10800,154.845,157.57,3,rank0_local
matched_loss_scaling_break,160m,GPT2-160M,AdamW,adamw_12k,adamw_12k,AdamW 12K,mid,1,768,11000,166.195,157.57,3,rank0_local
matched_loss_scaling_break,160m,GPT2-160M,AdamW,adamw_12k,adamw_12k,AdamW 12K,mid,1,768,11200,146.07,154.845,3,rank0_local
matched_loss_scaling_break,160m,GPT2-160M,AdamW,adamw_12k,adamw_12k,AdamW 12K,mid,1,768,11400,156.805,156.805,3,rank0_local
matched_loss_scaling_break,160m,GPT2-160M,AdamW,adamw_12k,adamw_12k,AdamW 12K,mid,1,768,11600,163.14,156.805,3,rank0_local
matched_loss_scaling_break,160m,GPT2-160M,AdamW,adamw_12k,adamw_12k,AdamW 12K,mid,1,768,11800,156.83999999999997,156.83999999999997,3,rank0_local
matched_loss_scaling_break,160m,GPT2-160M,AdamW,adamw_12k,adamw_12k,AdamW 12K,mid,1,768,12000,145.31,156.83999999999997,3,rank0_local
matched_loss_scaling_break,160m,GPT2-160M,AdamW,adamw_12k,adamw_12k,AdamW 12K,tail,1,768,1,89.60499999999999,89.60499999999999,3,rank0_local
matched_loss_scaling_break,160m,GPT2-160M,AdamW,adamw_12k,adamw_12k,AdamW 12K,tail,1,768,200,3.73,46.6675,3,rank0_local
matched_loss_scaling_break,160m,GPT2-160M,AdamW,adamw_12k,adamw_12k,AdamW 12K,tail,1,768,400,17.515,17.515,3,rank0_local
matched_loss_scaling_break,160m,GPT2-160M,AdamW,adamw_12k,adamw_12k,AdamW 12K,tail,1,768,600,52.175,17.515,3,rank0_local
matched_loss_scaling_break,160m,GPT2-160M,AdamW,adamw_12k,adamw_12k,AdamW 12K,tail,1,768,800,84.83000000000001,52.175,3,rank0_local
matched_loss_scaling_break,160m,GPT2-160M,AdamW,adamw_12k,adamw_12k,AdamW 12K,tail,1,768,1000,127.275,84.83000000000001,3,rank0_local
matched_loss_scaling_break,160m,GPT2-160M,AdamW,adamw_12k,adamw_12k,AdamW 12K,tail,1,768,1200,108.345,108.345,3,rank0_local
matched_loss_scaling_break,160m,GPT2-160M,AdamW,adamw_12k,adamw_12k,AdamW 12K,tail,1,768,1400,159.32999999999998,127.275,3,rank0_local
matched_loss_scaling_break,160m,GPT2-160M,AdamW,adamw_12k,adamw_12k,AdamW 12K,tail,1,768,1600,183.45499999999998,159.32999999999998,3,rank0_local
matched_loss_scaling_break,160m,GPT2-160M,AdamW,adamw_12k,adamw_12k,AdamW 12K,tail,1,768,1800,184.285,183.45499999999998,3,rank0_local
matched_loss_scaling_break,160m,GPT2-160M,AdamW,adamw_12k,adamw_12k,AdamW 12K,tail,1,768,2000,191.38,184.285,3,rank0_local
matched_loss_scaling_break,160m,GPT2-160M,AdamW,adamw_12k,adamw_12k,AdamW 12K,tail,1,768,2200,192.52499999999998,191.38,3,rank0_local
matched_loss_scaling_break,160m,GPT2-160M,AdamW,adamw_12k,adamw_12k,AdamW 12K,tail,1,768,2400,175.35500000000002,191.38,3,rank0_local
matched_loss_scaling_break,160m,GPT2-160M,AdamW,adamw_12k,adamw_12k,AdamW 12K,tail,1,768,2600,185.315,185.315,3,rank0_local
matched_loss_scaling_break,160m,GPT2-160M,AdamW,adamw_12k,adamw_12k,AdamW 12K,tail,1,768,2800,205.31,185.315,3,rank0_local
matched_loss_scaling_break,160m,GPT2-160M,AdamW,adamw_12k,adamw_12k,AdamW 12K,tail,1,768,3000,182.675,185.315,3,rank0_local
matched_loss_scaling_break,160m,GPT2-160M,AdamW,adamw_12k,adamw_12k,AdamW 12K,tail,1,768,3200,196.64999999999998,196.64999999999998,3,rank0_local
matched_loss_scaling_break,160m,GPT2-160M,AdamW,adamw_12k,adamw_12k,AdamW 12K,tail,1,768,3400,193.57999999999998,193.57999999999998,3,rank0_local
matched_loss_scaling_break,160m,GPT2-160M,AdamW,adamw_12k,adamw_12k,AdamW 12K,tail,1,768,3600,204.59,196.64999999999998,3,rank0_local
matched_loss_scaling_break,160m,GPT2-160M,AdamW,adamw_12k,adamw_12k,AdamW 12K,tail,1,768,3800,189.95499999999998,193.57999999999998,3,rank0_local
matched_loss_scaling_break,160m,GPT2-160M,AdamW,adamw_12k,adamw_12k,AdamW 12K,tail,1,768,4000,193.54500000000002,193.54500000000002,3,rank0_local
matched_loss_scaling_break,160m,GPT2-160M,AdamW,adamw_12k,adamw_12k,AdamW 12K,tail,1,768,4200,194.5,193.54500000000002,3,rank0_local
matched_loss_scaling_break,160m,GPT2-160M,AdamW,adamw_12k,adamw_12k,AdamW 12K,tail,1,768,4400,193.245,193.54500000000002,3,rank0_local
matched_loss_scaling_break,160m,GPT2-160M,AdamW,adamw_12k,adamw_12k,AdamW 12K,tail,1,768,4600,201.53,194.5,3,rank0_local
matched_loss_scaling_break,160m,GPT2-160M,AdamW,adamw_12k,adamw_12k,AdamW 12K,tail,1,768,4800,195.97,195.97,3,rank0_local
matched_loss_scaling_break,160m,GPT2-160M,AdamW,adamw_12k,adamw_12k,AdamW 12K,tail,1,768,5000,204.5,201.53,3,rank0_local
matched_loss_scaling_break,160m,GPT2-160M,AdamW,adamw_12k,adamw_12k,AdamW 12K,tail,1,768,5200,192.03,195.97,3,rank0_local
matched_loss_scaling_break,160m,GPT2-160M,AdamW,adamw_12k,adamw_12k,AdamW 12K,tail,1,768,5400,207.255,204.5,3,rank0_local
matched_loss_scaling_break,160m,GPT2-160M,AdamW,adamw_12k,adamw_12k,AdamW 12K,tail,1,768,5600,188.435,192.03,3,rank0_local
matched_loss_scaling_break,160m,GPT2-160M,AdamW,adamw_12k,adamw_12k,AdamW 12K,tail,1,768,5800,187.165,188.435,3,rank0_local
matched_loss_scaling_break,160m,GPT2-160M,AdamW,adamw_12k,adamw_12k,AdamW 12K,tail,1,768,6000,204.79000000000002,188.435,3,rank0_local
matched_loss_scaling_break,160m,GPT2-160M,AdamW,adamw_12k,adamw_12k,AdamW 12K,tail,1,768,6200,207.29,204.79000000000002,3,rank0_local
matched_loss_scaling_break,160m,GPT2-160M,AdamW,adamw_12k,adamw_12k,AdamW 12K,tail,1,768,6400,207.915,207.29,3,rank0_local
matched_loss_scaling_break,160m,GPT2-160M,AdamW,adamw_12k,adamw_12k,AdamW 12K,tail,1,768,6600,215.52999999999997,207.915,3,rank0_local
matched_loss_scaling_break,160m,GPT2-160M,AdamW,adamw_12k,adamw_12k,AdamW 12K,tail,1,768,6800,199.77499999999998,207.915,3,rank0_local
matched_loss_scaling_break,160m,GPT2-160M,AdamW,adamw_12k,adamw_12k,AdamW 12K,tail,1,768,7000,211.04,211.04,3,rank0_local
matched_loss_scaling_break,160m,GPT2-160M,AdamW,adamw_12k,adamw_12k,AdamW 12K,tail,1,768,7200,205.55,205.55,3,rank0_local
matched_loss_scaling_break,160m,GPT2-160M,AdamW,adamw_12k,adamw_12k,AdamW 12K,tail,1,768,7400,202.03500000000003,205.55,3,rank0_local
matched_loss_scaling_break,160m,GPT2-160M,AdamW,adamw_12k,adamw_12k,AdamW 12K,tail,1,768,7600,198.695,202.03500000000003,3,rank0_local
matched_loss_scaling_break,160m,GPT2-160M,AdamW,adamw_12k,adamw_12k,AdamW 12K,tail,1,768,7800,210.68,202.03500000000003,3,rank0_local
matched_loss_scaling_break,160m,GPT2-160M,AdamW,adamw_12k,adamw_12k,AdamW 12K,tail,1,768,8000,190.36,198.695,3,rank0_local
matched_loss_scaling_break,160m,GPT2-160M,AdamW,adamw_12k,adamw_12k,AdamW 12K,tail,1,768,8200,195.77,195.77,3,rank0_local
matched_loss_scaling_break,160m,GPT2-160M,AdamW,adamw_12k,adamw_12k,AdamW 12K,tail,1,768,8400,188.68,190.36,3,rank0_local
matched_loss_scaling_break,160m,GPT2-160M,AdamW,adamw_12k,adamw_12k,AdamW 12K,tail,1,768,8600,192.805,192.805,3,rank0_local
matched_loss_scaling_break,160m,GPT2-160M,AdamW,adamw_12k,adamw_12k,AdamW 12K,tail,1,768,8800,214.375,192.805,3,rank0_local
matched_loss_scaling_break,160m,GPT2-160M,AdamW,adamw_12k,adamw_12k,AdamW 12K,tail,1,768,9000,182.14,192.805,3,rank0_local
matched_loss_scaling_break,160m,GPT2-160M,AdamW,adamw_12k,adamw_12k,AdamW 12K,tail,1,768,9200,185.865,185.865,3,rank0_local
matched_loss_scaling_break,160m,GPT2-160M,AdamW,adamw_12k,adamw_12k,AdamW 12K,tail,1,768,9400,209.98,185.865,3,rank0_local
matched_loss_scaling_break,160m,GPT2-160M,AdamW,adamw_12k,adamw_12k,AdamW 12K,tail,1,768,9600,196.14999999999998,196.14999999999998,3,rank0_local
matched_loss_scaling_break,160m,GPT2-160M,AdamW,adamw_12k,adamw_12k,AdamW 12K,tail,1,768,9800,201.38,201.38,3,rank0_local
matched_loss_scaling_break,160m,GPT2-160M,AdamW,adamw_12k,adamw_12k,AdamW 12K,tail,1,768,10000,199.15,199.15,3,rank0_local
matched_loss_scaling_break,160m,GPT2-160M,AdamW,adamw_12k,adamw_12k,AdamW 12K,tail,1,768,10200,215.065,201.38,3,rank0_local
matched_loss_scaling_break,160m,GPT2-160M,AdamW,adamw_12k,adamw_12k,AdamW 12K,tail,1,768,10400,187.175,199.15,3,rank0_local
matched_loss_scaling_break,160m,GPT2-160M,AdamW,adamw_12k,adamw_12k,AdamW 12K,tail,1,768,10600,183.69,187.175,3,rank0_local
matched_loss_scaling_break,160m,GPT2-160M,AdamW,adamw_12k,adamw_12k,AdamW 12K,tail,1,768,10800,189.815,187.175,3,rank0_local
matched_loss_scaling_break,160m,GPT2-160M,AdamW,adamw_12k,adamw_12k,AdamW 12K,tail,1,768,11000,205.585,189.815,3,rank0_local
matched_loss_scaling_break,160m,GPT2-160M,AdamW,adamw_12k,adamw_12k,AdamW 12K,tail,1,768,11200,201.53500000000003,201.53500000000003,3,rank0_local
matched_loss_scaling_break,160m,GPT2-160M,AdamW,adamw_12k,adamw_12k,AdamW 12K,tail,1,768,11400,186.70499999999998,201.53500000000003,3,rank0_local
matched_loss_scaling_break,160m,GPT2-160M,AdamW,adamw_12k,adamw_12k,AdamW 12K,tail,1,768,11600,184.88,186.70499999999998,3,rank0_local
matched_loss_scaling_break,160m,GPT2-160M,AdamW,adamw_12k,adamw_12k,AdamW 12K,tail,1,768,11800,180.135,184.88,3,rank0_local
matched_loss_scaling_break,160m,GPT2-160M,AdamW,adamw_12k,adamw_12k,AdamW 12K,tail,1,768,12000,179.24,180.135,3,rank0_local
matched_loss_scaling_break,160m,GPT2-160M,AdamW,adamw_12k,adamw_12k,AdamW 12K,head,2,1536,1,9.95,9.95,3,rank0_local
matched_loss_scaling_break,160m,GPT2-160M,AdamW,adamw_12k,adamw_12k,AdamW 12K,head,2,1536,200,2.67,6.31,3,rank0_local
matched_loss_scaling_break,160m,GPT2-160M,AdamW,adamw_12k,adamw_12k,AdamW 12K,head,2,1536,400,18.564999999999998,9.95,3,rank0_local
matched_loss_scaling_break,160m,GPT2-160M,AdamW,adamw_12k,adamw_12k,AdamW 12K,head,2,1536,600,57.69,18.564999999999998,3,rank0_local
matched_loss_scaling_break,160m,GPT2-160M,AdamW,adamw_12k,adamw_12k,AdamW 12K,head,2,1536,800,79.045,57.69,3,rank0_local
matched_loss_scaling_break,160m,GPT2-160M,AdamW,adamw_12k,adamw_12k,AdamW 12K,head,2,1536,1000,109.14,79.045,3,rank0_local
matched_loss_scaling_break,160m,GPT2-160M,AdamW,adamw_12k,adamw_12k,AdamW 12K,head,2,1536,1200,113.87,109.14,3,rank0_local
matched_loss_scaling_break,160m,GPT2-160M,AdamW,adamw_12k,adamw_12k,AdamW 12K,head,2,1536,1400,114.13,113.87,3,rank0_local
matched_loss_scaling_break,160m,GPT2-160M,AdamW,adamw_12k,adamw_12k,AdamW 12K,head,2,1536,1600,108.045,113.87,3,rank0_local
matched_loss_scaling_break,160m,GPT2-160M,AdamW,adamw_12k,adamw_12k,AdamW 12K,head,2,1536,1800,111.02000000000001,111.02000000000001,3,rank0_local
matched_loss_scaling_break,160m,GPT2-160M,AdamW,adamw_12k,adamw_12k,AdamW 12K,head,2,1536,2000,95.41,108.045,3,rank0_local
matched_loss_scaling_break,160m,GPT2-160M,AdamW,adamw_12k,adamw_12k,AdamW 12K,head,2,1536,2200,101.145,101.145,3,rank0_local
matched_loss_scaling_break,160m,GPT2-160M,AdamW,adamw_12k,adamw_12k,AdamW 12K,head,2,1536,2400,99.27000000000001,99.27000000000001,3,rank0_local
matched_loss_scaling_break,160m,GPT2-160M,AdamW,adamw_12k,adamw_12k,AdamW 12K,head,2,1536,2600,99.03999999999999,99.27000000000001,3,rank0_local
matched_loss_scaling_break,160m,GPT2-160M,AdamW,adamw_12k,adamw_12k,AdamW 12K,head,2,1536,2800,98.39,99.03999999999999,3,rank0_local
matched_loss_scaling_break,160m,GPT2-160M,AdamW,adamw_12k,adamw_12k,AdamW 12K,head,2,1536,3000,89.97,98.39,3,rank0_local
matched_loss_scaling_break,160m,GPT2-160M,AdamW,adamw_12k,adamw_12k,AdamW 12K,head,2,1536,3200,85.14,89.97,3,rank0_local
matched_loss_scaling_break,160m,GPT2-160M,AdamW,adamw_12k,adamw_12k,AdamW 12K,head,2,1536,3400,67.065,85.14,3,rank0_local
matched_loss_scaling_break,160m,GPT2-160M,AdamW,adamw_12k,adamw_12k,AdamW 12K,head,2,1536,3600,67.48,67.48,3,rank0_local
matched_loss_scaling_break,160m,GPT2-160M,AdamW,adamw_12k,adamw_12k,AdamW 12K,head,2,1536,3800,61.875,67.065,3,rank0_local
matched_loss_scaling_break,160m,GPT2-160M,AdamW,adamw_12k,adamw_12k,AdamW 12K,head,2,1536,4000,71.14,67.48,3,rank0_local
matched_loss_scaling_break,160m,GPT2-160M,AdamW,adamw_12k,adamw_12k,AdamW 12K,head,2,1536,4200,70.08500000000001,70.08500000000001,3,rank0_local
matched_loss_scaling_break,160m,GPT2-160M,AdamW,adamw_12k,adamw_12k,AdamW 12K,head,2,1536,4400,69.88,70.08500000000001,3,rank0_local
matched_loss_scaling_break,160m,GPT2-160M,AdamW,adamw_12k,adamw_12k,AdamW 12K,head,2,1536,4600,60.31,69.88,3,rank0_local
matched_loss_scaling_break,160m,GPT2-160M,AdamW,adamw_12k,adamw_12k,AdamW 12K,head,2,1536,4800,69.78999999999999,69.78999999999999,3,rank0_local
matched_loss_scaling_break,160m,GPT2-160M,AdamW,adamw_12k,adamw_12k,AdamW 12K,head,2,1536,5000,53.55,60.31,3,rank0_local
matched_loss_scaling_break,160m,GPT2-160M,AdamW,adamw_12k,adamw_12k,AdamW 12K,head,2,1536,5200,63.015,63.015,3,rank0_local
matched_loss_scaling_break,160m,GPT2-160M,AdamW,adamw_12k,adamw_12k,AdamW 12K,head,2,1536,5400,53.92,53.92,3,rank0_local
matched_loss_scaling_break,160m,GPT2-160M,AdamW,adamw_12k,adamw_12k,AdamW 12K,head,2,1536,5600,57.56,57.56,3,rank0_local
matched_loss_scaling_break,160m,GPT2-160M,AdamW,adamw_12k,adamw_12k,AdamW 12K,head,2,1536,5800,55.125,55.125,3,rank0_local
matched_loss_scaling_break,160m,GPT2-160M,AdamW,adamw_12k,adamw_12k,AdamW 12K,head,2,1536,6000,55.160000000000004,55.160000000000004,3,rank0_local
matched_loss_scaling_break,160m,GPT2-160M,AdamW,adamw_12k,adamw_12k,AdamW 12K,head,2,1536,6200,52.269999999999996,55.125,3,rank0_local
matched_loss_scaling_break,160m,GPT2-160M,AdamW,adamw_12k,adamw_12k,AdamW 12K,head,2,1536,6400,65.74000000000001,55.160000000000004,3,rank0_local
matched_loss_scaling_break,160m,GPT2-160M,AdamW,adamw_12k,adamw_12k,AdamW 12K,head,2,1536,6600,52.269999999999996,52.269999999999996,3,rank0_local
matched_loss_scaling_break,160m,GPT2-160M,AdamW,adamw_12k,adamw_12k,AdamW 12K,head,2,1536,6800,55.325,55.325,3,rank0_local
matched_loss_scaling_break,160m,GPT2-160M,AdamW,adamw_12k,adamw_12k,AdamW 12K,head,2,1536,7000,54.965,54.965,3,rank0_local
matched_loss_scaling_break,160m,GPT2-160M,AdamW,adamw_12k,adamw_12k,AdamW 12K,head,2,1536,7200,60.845,55.325,3,rank0_local
matched_loss_scaling_break,160m,GPT2-160M,AdamW,adamw_12k,adamw_12k,AdamW 12K,head,2,1536,7400,65.515,60.845,3,rank0_local
matched_loss_scaling_break,160m,GPT2-160M,AdamW,adamw_12k,adamw_12k,AdamW 12K,head,2,1536,7600,44.695,60.845,3,rank0_local
matched_loss_scaling_break,160m,GPT2-160M,AdamW,adamw_12k,adamw_12k,AdamW 12K,head,2,1536,7800,51.33,51.33,3,rank0_local
matched_loss_scaling_break,160m,GPT2-160M,AdamW,adamw_12k,adamw_12k,AdamW 12K,head,2,1536,8000,51.09,51.09,3,rank0_local
matched_loss_scaling_break,160m,GPT2-160M,AdamW,adamw_12k,adamw_12k,AdamW 12K,head,2,1536,8200,49.495000000000005,51.09,3,rank0_local
matched_loss_scaling_break,160m,GPT2-160M,AdamW,adamw_12k,adamw_12k,AdamW 12K,head,2,1536,8400,48.55,49.495000000000005,3,rank0_local
matched_loss_scaling_break,160m,GPT2-160M,AdamW,adamw_12k,adamw_12k,AdamW 12K,head,2,1536,8600,40.555,48.55,3,rank0_local
matched_loss_scaling_break,160m,GPT2-160M,AdamW,adamw_12k,adamw_12k,AdamW 12K,head,2,1536,8800,49.715,48.55,3,rank0_local
matched_loss_scaling_break,160m,GPT2-160M,AdamW,adamw_12k,adamw_12k,AdamW 12K,head,2,1536,9000,49.995000000000005,49.715,3,rank0_local
matched_loss_scaling_break,160m,GPT2-160M,AdamW,adamw_12k,adamw_12k,AdamW 12K,head,2,1536,9200,55.54,49.995000000000005,3,rank0_local
matched_loss_scaling_break,160m,GPT2-160M,AdamW,adamw_12k,adamw_12k,AdamW 12K,head,2,1536,9400,47.224999999999994,49.995000000000005,3,rank0_local
matched_loss_scaling_break,160m,GPT2-160M,AdamW,adamw_12k,adamw_12k,AdamW 12K,head,2,1536,9600,53.02,53.02,3,rank0_local
matched_loss_scaling_break,160m,GPT2-160M,AdamW,adamw_12k,adamw_12k,AdamW 12K,head,2,1536,9800,47.945,47.945,3,rank0_local
matched_loss_scaling_break,160m,GPT2-160M,AdamW,adamw_12k,adamw_12k,AdamW 12K,head,2,1536,10000,55.004999999999995,53.02,3,rank0_local
matched_loss_scaling_break,160m,GPT2-160M,AdamW,adamw_12k,adamw_12k,AdamW 12K,head,2,1536,10200,46.144999999999996,47.945,3,rank0_local
matched_loss_scaling_break,160m,GPT2-160M,AdamW,adamw_12k,adamw_12k,AdamW 12K,head,2,1536,10400,44.045,46.144999999999996,3,rank0_local
matched_loss_scaling_break,160m,GPT2-160M,AdamW,adamw_12k,adamw_12k,AdamW 12K,head,2,1536,10600,36.135000000000005,44.045,3,rank0_local
matched_loss_scaling_break,160m,GPT2-160M,AdamW,adamw_12k,adamw_12k,AdamW 12K,head,2,1536,10800,50.185,44.045,3,rank0_local
matched_loss_scaling_break,160m,GPT2-160M,AdamW,adamw_12k,adamw_12k,AdamW 12K,head,2,1536,11000,45.93,45.93,3,rank0_local
matched_loss_scaling_break,160m,GPT2-160M,AdamW,adamw_12k,adamw_12k,AdamW 12K,head,2,1536,11200,39.865,45.93,3,rank0_local
matched_loss_scaling_break,160m,GPT2-160M,AdamW,adamw_12k,adamw_12k,AdamW 12K,head,2,1536,11400,40.83,40.83,3,rank0_local
matched_loss_scaling_break,160m,GPT2-160M,AdamW,adamw_12k,adamw_12k,AdamW 12K,head,2,1536,11600,41.59,40.83,3,rank0_local
matched_loss_scaling_break,160m,GPT2-160M,AdamW,adamw_12k,adamw_12k,AdamW 12K,head,2,1536,11800,40.29,40.83,3,rank0_local
matched_loss_scaling_break,160m,GPT2-160M,AdamW,adamw_12k,adamw_12k,AdamW 12K,head,2,1536,12000,42.370000000000005,41.59,3,rank0_local
matched_loss_scaling_break,160m,GPT2-160M,AdamW,adamw_12k,adamw_12k,AdamW 12K,mid,2,1536,1,112.71000000000001,112.71000000000001,3,rank0_local
matched_loss_scaling_break,160m,GPT2-160M,AdamW,adamw_12k,adamw_12k,AdamW 12K,mid,2,1536,200,4.86,58.785000000000004,3,rank0_local
matched_loss_scaling_break,160m,GPT2-160M,AdamW,adamw_12k,adamw_12k,AdamW 12K,mid,2,1536,400,37.19,37.19,3,rank0_local
matched_loss_scaling_break,160m,GPT2-160M,AdamW,adamw_12k,adamw_12k,AdamW 12K,mid,2,1536,600,126.325,37.19,3,rank0_local
matched_loss_scaling_break,160m,GPT2-160M,AdamW,adamw_12k,adamw_12k,AdamW 12K,mid,2,1536,800,202.34,126.325,3,rank0_local
matched_loss_scaling_break,160m,GPT2-160M,AdamW,adamw_12k,adamw_12k,AdamW 12K,mid,2,1536,1000,265.695,202.34,3,rank0_local
matched_loss_scaling_break,160m,GPT2-160M,AdamW,adamw_12k,adamw_12k,AdamW 12K,mid,2,1536,1200,264.34000000000003,264.34000000000003,3,rank0_local
matched_loss_scaling_break,160m,GPT2-160M,AdamW,adamw_12k,adamw_12k,AdamW 12K,mid,2,1536,1400,297.49,265.695,3,rank0_local
matched_loss_scaling_break,160m,GPT2-160M,AdamW,adamw_12k,adamw_12k,AdamW 12K,mid,2,1536,1600,304.305,297.49,3,rank0_local
matched_loss_scaling_break,160m,GPT2-160M,AdamW,adamw_12k,adamw_12k,AdamW 12K,mid,2,1536,1800,306.32500000000005,304.305,3,rank0_local
matched_loss_scaling_break,160m,GPT2-160M,AdamW,adamw_12k,adamw_12k,AdamW 12K,mid,2,1536,2000,303.44500000000005,304.305,3,rank0_local
matched_loss_scaling_break,160m,GPT2-160M,AdamW,adamw_12k,adamw_12k,AdamW 12K,mid,2,1536,2200,304.03499999999997,304.03499999999997,3,rank0_local
matched_loss_scaling_break,160m,GPT2-160M,AdamW,adamw_12k,adamw_12k,AdamW 12K,mid,2,1536,2400,251.385,303.44500000000005,3,rank0_local
matched_loss_scaling_break,160m,GPT2-160M,AdamW,adamw_12k,adamw_12k,AdamW 12K,mid,2,1536,2600,233.91500000000002,251.385,3,rank0_local
matched_loss_scaling_break,160m,GPT2-160M,AdamW,adamw_12k,adamw_12k,AdamW 12K,mid,2,1536,2800,245.62,245.62,3,rank0_local
matched_loss_scaling_break,160m,GPT2-160M,AdamW,adamw_12k,adamw_12k,AdamW 12K,mid,2,1536,3000,251.02499999999998,245.62,3,rank0_local
matched_loss_scaling_break,160m,GPT2-160M,AdamW,adamw_12k,adamw_12k,AdamW 12K,mid,2,1536,3200,249.255,249.255,3,rank0_local
matched_loss_scaling_break,160m,GPT2-160M,AdamW,adamw_12k,adamw_12k,AdamW 12K,mid,2,1536,3400,240.39,249.255,3,rank0_local
matched_loss_scaling_break,160m,GPT2-160M,AdamW,adamw_12k,adamw_12k,AdamW 12K,mid,2,1536,3600,251.505,249.255,3,rank0_local
matched_loss_scaling_break,160m,GPT2-160M,AdamW,adamw_12k,adamw_12k,AdamW 12K,mid,2,1536,3800,233.5,240.39,3,rank0_local
matched_loss_scaling_break,160m,GPT2-160M,AdamW,adamw_12k,adamw_12k,AdamW 12K,mid,2,1536,4000,233.41500000000002,233.5,3,rank0_local
matched_loss_scaling_break,160m,GPT2-160M,AdamW,adamw_12k,adamw_12k,AdamW 12K,mid,2,1536,4200,221.35,233.41500000000002,3,rank0_local
matched_loss_scaling_break,160m,GPT2-160M,AdamW,adamw_12k,adamw_12k,AdamW 12K,mid,2,1536,4400,239.56,233.41500000000002,3,rank0_local
matched_loss_scaling_break,160m,GPT2-160M,AdamW,adamw_12k,adamw_12k,AdamW 12K,mid,2,1536,4600,228.435,228.435,3,rank0_local
matched_loss_scaling_break,160m,GPT2-160M,AdamW,adamw_12k,adamw_12k,AdamW 12K,mid,2,1536,4800,242.845,239.56,3,rank0_local
matched_loss_scaling_break,160m,GPT2-160M,AdamW,adamw_12k,adamw_12k,AdamW 12K,mid,2,1536,5000,217.845,228.435,3,rank0_local
matched_loss_scaling_break,160m,GPT2-160M,AdamW,adamw_12k,adamw_12k,AdamW 12K,mid,2,1536,5200,243.39499999999998,242.845,3,rank0_local
matched_loss_scaling_break,160m,GPT2-160M,AdamW,adamw_12k,adamw_12k,AdamW 12K,mid,2,1536,5400,240.29000000000002,240.29000000000002,3,rank0_local
matched_loss_scaling_break,160m,GPT2-160M,AdamW,adamw_12k,adamw_12k,AdamW 12K,mid,2,1536,5600,235.77,240.29000000000002,3,rank0_local
matched_loss_scaling_break,160m,GPT2-160M,AdamW,adamw_12k,adamw_12k,AdamW 12K,mid,2,1536,5800,231.015,235.77,3,rank0_local
matched_loss_scaling_break,160m,GPT2-160M,AdamW,adamw_12k,adamw_12k,AdamW 12K,mid,2,1536,6000,219.975,231.015,3,rank0_local
matched_loss_scaling_break,160m,GPT2-160M,AdamW,adamw_12k,adamw_12k,AdamW 12K,mid,2,1536,6200,235.635,231.015,3,rank0_local
matched_loss_scaling_break,160m,GPT2-160M,AdamW,adamw_12k,adamw_12k,AdamW 12K,mid,2,1536,6400,242.18,235.635,3,rank0_local
matched_loss_scaling_break,160m,GPT2-160M,AdamW,adamw_12k,adamw_12k,AdamW 12K,mid,2,1536,6600,228.185,235.635,3,rank0_local
matched_loss_scaling_break,160m,GPT2-160M,AdamW,adamw_12k,adamw_12k,AdamW 12K,mid,2,1536,6800,220.725,228.185,3,rank0_local
matched_loss_scaling_break,160m,GPT2-160M,AdamW,adamw_12k,adamw_12k,AdamW 12K,mid,2,1536,7000,226.435,226.435,3,rank0_local
matched_loss_scaling_break,160m,GPT2-160M,AdamW,adamw_12k,adamw_12k,AdamW 12K,mid,2,1536,7200,245.905,226.435,3,rank0_local
matched_loss_scaling_break,160m,GPT2-160M,AdamW,adamw_12k,adamw_12k,AdamW 12K,mid,2,1536,7400,229.445,229.445,3,rank0_local
matched_loss_scaling_break,160m,GPT2-160M,AdamW,adamw_12k,adamw_12k,AdamW 12K,mid,2,1536,7600,207.695,229.445,3,rank0_local
matched_loss_scaling_break,160m,GPT2-160M,AdamW,adamw_12k,adamw_12k,AdamW 12K,mid,2,1536,7800,165.815,207.695,3,rank0_local
matched_loss_scaling_break,160m,GPT2-160M,AdamW,adamw_12k,adamw_12k,AdamW 12K,mid,2,1536,8000,230.595,207.695,3,rank0_local
matched_loss_scaling_break,160m,GPT2-160M,AdamW,adamw_12k,adamw_12k,AdamW 12K,mid,2,1536,8200,234.835,230.595,3,rank0_local
matched_loss_scaling_break,160m,GPT2-160M,AdamW,adamw_12k,adamw_12k,AdamW 12K,mid,2,1536,8400,234.115,234.115,3,rank0_local
matched_loss_scaling_break,160m,GPT2-160M,AdamW,adamw_12k,adamw_12k,AdamW 12K,mid,2,1536,8600,236.74,234.835,3,rank0_local
matched_loss_scaling_break,160m,GPT2-160M,AdamW,adamw_12k,adamw_12k,AdamW 12K,mid,2,1536,8800,211.7,234.115,3,rank0_local
matched_loss_scaling_break,160m,GPT2-160M,AdamW,adamw_12k,adamw_12k,AdamW 12K,mid,2,1536,9000,218.39499999999998,218.39499999999998,3,rank0_local
matched_loss_scaling_break,160m,GPT2-160M,AdamW,adamw_12k,adamw_12k,AdamW 12K,mid,2,1536,9200,217.33,217.33,3,rank0_local
matched_loss_scaling_break,160m,GPT2-160M,AdamW,adamw_12k,adamw_12k,AdamW 12K,mid,2,1536,9400,234.02999999999997,218.39499999999998,3,rank0_local
matched_loss_scaling_break,160m,GPT2-160M,AdamW,adamw_12k,adamw_12k,AdamW 12K,mid,2,1536,9600,277.12,234.02999999999997,3,rank0_local
matched_loss_scaling_break,160m,GPT2-160M,AdamW,adamw_12k,adamw_12k,AdamW 12K,mid,2,1536,9800,209.085,234.02999999999997,3,rank0_local
matched_loss_scaling_break,160m,GPT2-160M,AdamW,adamw_12k,adamw_12k,AdamW 12K,mid,2,1536,10000,219.03,219.03,3,rank0_local
matched_loss_scaling_break,160m,GPT2-160M,AdamW,adamw_12k,adamw_12k,AdamW 12K,mid,2,1536,10200,228.19,219.03,3,rank0_local
matched_loss_scaling_break,160m,GPT2-160M,AdamW,adamw_12k,adamw_12k,AdamW 12K,mid,2,1536,10400,220.325,220.325,3,rank0_local
matched_loss_scaling_break,160m,GPT2-160M,AdamW,adamw_12k,adamw_12k,AdamW 12K,mid,2,1536,10600,209.32,220.325,3,rank0_local
matched_loss_scaling_break,160m,GPT2-160M,AdamW,adamw_12k,adamw_12k,AdamW 12K,mid,2,1536,10800,227.705,220.325,3,rank0_local
matched_loss_scaling_break,160m,GPT2-160M,AdamW,adamw_12k,adamw_12k,AdamW 12K,mid,2,1536,11000,197.91,209.32,3,rank0_local
matched_loss_scaling_break,160m,GPT2-160M,AdamW,adamw_12k,adamw_12k,AdamW 12K,mid,2,1536,11200,192.055,197.91,3,rank0_local
matched_loss_scaling_break,160m,GPT2-160M,AdamW,adamw_12k,adamw_12k,AdamW 12K,mid,2,1536,11400,207.015,197.91,3,rank0_local
matched_loss_scaling_break,160m,GPT2-160M,AdamW,adamw_12k,adamw_12k,AdamW 12K,mid,2,1536,11600,187.185,192.055,3,rank0_local
matched_loss_scaling_break,160m,GPT2-160M,AdamW,adamw_12k,adamw_12k,AdamW 12K,mid,2,1536,11800,197.405,197.405,3,rank0_local
matched_loss_scaling_break,160m,GPT2-160M,AdamW,adamw_12k,adamw_12k,AdamW 12K,mid,2,1536,12000,170.84500000000003,187.185,3,rank0_local
matched_loss_scaling_break,160m,GPT2-160M,AdamW,adamw_12k,adamw_12k,AdamW 12K,tail,2,1536,1,151.68,151.68,3,rank0_local
matched_loss_scaling_break,160m,GPT2-160M,AdamW,adamw_12k,adamw_12k,AdamW 12K,tail,2,1536,200,3.61,77.64500000000001,3,rank0_local
matched_loss_scaling_break,160m,GPT2-160M,AdamW,adamw_12k,adamw_12k,AdamW 12K,tail,2,1536,400,24.924999999999997,24.924999999999997,3,rank0_local
matched_loss_scaling_break,160m,GPT2-160M,AdamW,adamw_12k,adamw_12k,AdamW 12K,tail,2,1536,600,78.75999999999999,24.924999999999997,3,rank0_local
matched_loss_scaling_break,160m,GPT2-160M,AdamW,adamw_12k,adamw_12k,AdamW 12K,tail,2,1536,800,115.545,78.75999999999999,3,rank0_local
matched_loss_scaling_break,160m,GPT2-160M,AdamW,adamw_12k,adamw_12k,AdamW 12K,tail,2,1536,1000,174.735,115.545,3,rank0_local
matched_loss_scaling_break,160m,GPT2-160M,AdamW,adamw_12k,adamw_12k,AdamW 12K,tail,2,1536,1200,188.32,174.735,3,rank0_local
matched_loss_scaling_break,160m,GPT2-160M,AdamW,adamw_12k,adamw_12k,AdamW 12K,tail,2,1536,1400,193.945,188.32,3,rank0_local
matched_loss_scaling_break,160m,GPT2-160M,AdamW,adamw_12k,adamw_12k,AdamW 12K,tail,2,1536,1600,218.42499999999998,193.945,3,rank0_local
matched_loss_scaling_break,160m,GPT2-160M,AdamW,adamw_12k,adamw_12k,AdamW 12K,tail,2,1536,1800,239.08499999999998,218.42499999999998,3,rank0_local
matched_loss_scaling_break,160m,GPT2-160M,AdamW,adamw_12k,adamw_12k,AdamW 12K,tail,2,1536,2000,246.75,239.08499999999998,3,rank0_local
matched_loss_scaling_break,160m,GPT2-160M,AdamW,adamw_12k,adamw_12k,AdamW 12K,tail,2,1536,2200,257.595,246.75,3,rank0_local
matched_loss_scaling_break,160m,GPT2-160M,AdamW,adamw_12k,adamw_12k,AdamW 12K,tail,2,1536,2400,229.625,246.75,3,rank0_local
matched_loss_scaling_break,160m,GPT2-160M,AdamW,adamw_12k,adamw_12k,AdamW 12K,tail,2,1536,2600,266.21,257.595,3,rank0_local
matched_loss_scaling_break,160m,GPT2-160M,AdamW,adamw_12k,adamw_12k,AdamW 12K,tail,2,1536,2800,270.12,266.21,3,rank0_local
matched_loss_scaling_break,160m,GPT2-160M,AdamW,adamw_12k,adamw_12k,AdamW 12K,tail,2,1536,3000,251.44,266.21,3,rank0_local
matched_loss_scaling_break,160m,GPT2-160M,AdamW,adamw_12k,adamw_12k,AdamW 12K,tail,2,1536,3200,252.76,252.76,3,rank0_local
matched_loss_scaling_break,160m,GPT2-160M,AdamW,adamw_12k,adamw_12k,AdamW 12K,tail,2,1536,3400,257.675,252.76,3,rank0_local
matched_loss_scaling_break,160m,GPT2-160M,AdamW,adamw_12k,adamw_12k,AdamW 12K,tail,2,1536,3600,282.85,257.675,3,rank0_local
matched_loss_scaling_break,160m,GPT2-160M,AdamW,adamw_12k,adamw_12k,AdamW 12K,tail,2,1536,3800,260.71000000000004,260.71000000000004,3,rank0_local
matched_loss_scaling_break,160m,GPT2-160M,AdamW,adamw_12k,adamw_12k,AdamW 12K,tail,2,1536,4000,258.805,260.71000000000004,3,rank0_local
matched_loss_scaling_break,160m,GPT2-160M,AdamW,adamw_12k,adamw_12k,AdamW 12K,tail,2,1536,4200,256.12,258.805,3,rank0_local
matched_loss_scaling_break,160m,GPT2-160M,AdamW,adamw_12k,adamw_12k,AdamW 12K,tail,2,1536,4400,284.86,258.805,3,rank0_local
matched_loss_scaling_break,160m,GPT2-160M,AdamW,adamw_12k,adamw_12k,AdamW 12K,tail,2,1536,4600,279.435,279.435,3,rank0_local
matched_loss_scaling_break,160m,GPT2-160M,AdamW,adamw_12k,adamw_12k,AdamW 12K,tail,2,1536,4800,279.58000000000004,279.58000000000004,3,rank0_local
matched_loss_scaling_break,160m,GPT2-160M,AdamW,adamw_12k,adamw_12k,AdamW 12K,tail,2,1536,5000,265.78499999999997,279.435,3,rank0_local
matched_loss_scaling_break,160m,GPT2-160M,AdamW,adamw_12k,adamw_12k,AdamW 12K,tail,2,1536,5200,252.79,265.78499999999997,3,rank0_local
matched_loss_scaling_break,160m,GPT2-160M,AdamW,adamw_12k,adamw_12k,AdamW 12K,tail,2,1536,5400,275.48,265.78499999999997,3,rank0_local
matched_loss_scaling_break,160m,GPT2-160M,AdamW,adamw_12k,adamw_12k,AdamW 12K,tail,2,1536,5600,255.555,255.555,3,rank0_local
matched_loss_scaling_break,160m,GPT2-160M,AdamW,adamw_12k,adamw_12k,AdamW 12K,tail,2,1536,5800,284.995,275.48,3,rank0_local
matched_loss_scaling_break,160m,GPT2-160M,AdamW,adamw_12k,adamw_12k,AdamW 12K,tail,2,1536,6000,265.1,265.1,3,rank0_local
matched_loss_scaling_break,160m,GPT2-160M,AdamW,adamw_12k,adamw_12k,AdamW 12K,tail,2,1536,6200,275.08000000000004,275.08000000000004,3,rank0_local
matched_loss_scaling_break,160m,GPT2-160M,AdamW,adamw_12k,adamw_12k,AdamW 12K,tail,2,1536,6400,282.175,275.08000000000004,3,rank0_local
matched_loss_scaling_break,160m,GPT2-160M,AdamW,adamw_12k,adamw_12k,AdamW 12K,tail,2,1536,6600,295.71000000000004,282.175,3,rank0_local
matched_loss_scaling_break,160m,GPT2-160M,AdamW,adamw_12k,adamw_12k,AdamW 12K,tail,2,1536,6800,276.81,282.175,3,rank0_local
matched_loss_scaling_break,160m,GPT2-160M,AdamW,adamw_12k,adamw_12k,AdamW 12K,tail,2,1536,7000,285.195,285.195,3,rank0_local
matched_loss_scaling_break,160m,GPT2-160M,AdamW,adamw_12k,adamw_12k,AdamW 12K,tail,2,1536,7200,268.05,276.81,3,rank0_local
matched_loss_scaling_break,160m,GPT2-160M,AdamW,adamw_12k,adamw_12k,AdamW 12K,tail,2,1536,7400,273.975,273.975,3,rank0_local
matched_loss_scaling_break,160m,GPT2-160M,AdamW,adamw_12k,adamw_12k,AdamW 12K,tail,2,1536,7600,254.585,268.05,3,rank0_local
matched_loss_scaling_break,160m,GPT2-160M,AdamW,adamw_12k,adamw_12k,AdamW 12K,tail,2,1536,7800,240.31,254.585,3,rank0_local
matched_loss_scaling_break,160m,GPT2-160M,AdamW,adamw_12k,adamw_12k,AdamW 12K,tail,2,1536,8000,263.815,254.585,3,rank0_local
matched_loss_scaling_break,160m,GPT2-160M,AdamW,adamw_12k,adamw_12k,AdamW 12K,tail,2,1536,8200,247.24,247.24,3,rank0_local
matched_loss_scaling_break,160m,GPT2-160M,AdamW,adamw_12k,adamw_12k,AdamW 12K,tail,2,1536,8400,257.855,257.855,3,rank0_local
matched_loss_scaling_break,160m,GPT2-160M,AdamW,adamw_12k,adamw_12k,AdamW 12K,tail,2,1536,8600,221.065,247.24,3,rank0_local
matched_loss_scaling_break,160m,GPT2-160M,AdamW,adamw_12k,adamw_12k,AdamW 12K,tail,2,1536,8800,294.49,257.855,3,rank0_local
matched_loss_scaling_break,160m,GPT2-160M,AdamW,adamw_12k,adamw_12k,AdamW 12K,tail,2,1536,9000,202.02499999999998,221.065,3,rank0_local
matched_loss_scaling_break,160m,GPT2-160M,AdamW,adamw_12k,adamw_12k,AdamW 12K,tail,2,1536,9200,202.78500000000003,202.78500000000003,3,rank0_local
matched_loss_scaling_break,160m,GPT2-160M,AdamW,adamw_12k,adamw_12k,AdamW 12K,tail,2,1536,9400,206.72,202.78500000000003,3,rank0_local
matched_loss_scaling_break,160m,GPT2-160M,AdamW,adamw_12k,adamw_12k,AdamW 12K,tail,2,1536,9600,203.17,203.17,3,rank0_local
matched_loss_scaling_break,160m,GPT2-160M,AdamW,adamw_12k,adamw_12k,AdamW 12K,tail,2,1536,9800,192.14,203.17,3,rank0_local
matched_loss_scaling_break,160m,GPT2-160M,AdamW,adamw_12k,adamw_12k,AdamW 12K,tail,2,1536,10000,162.4,192.14,3,rank0_local
matched_loss_scaling_break,160m,GPT2-160M,AdamW,adamw_12k,adamw_12k,AdamW 12K,tail,2,1536,10200,237.195,192.14,3,rank0_local
matched_loss_scaling_break,160m,GPT2-160M,AdamW,adamw_12k,adamw_12k,AdamW 12K,tail,2,1536,10400,211.32999999999998,211.32999999999998,3,rank0_local
matched_loss_scaling_break,160m,GPT2-160M,AdamW,adamw_12k,adamw_12k,AdamW 12K,tail,2,1536,10600,207.635,211.32999999999998,3,rank0_local
matched_loss_scaling_break,160m,GPT2-160M,AdamW,adamw_12k,adamw_12k,AdamW 12K,tail,2,1536,10800,172.69,207.635,3,rank0_local
matched_loss_scaling_break,160m,GPT2-160M,AdamW,adamw_12k,adamw_12k,AdamW 12K,tail,2,1536,11000,175.485,175.485,3,rank0_local
matched_loss_scaling_break,160m,GPT2-160M,AdamW,adamw_12k,adamw_12k,AdamW 12K,tail,2,1536,11200,223.68,175.485,3,rank0_local
matched_loss_scaling_break,160m,GPT2-160M,AdamW,adamw_12k,adamw_12k,AdamW 12K,tail,2,1536,11400,176.845,176.845,3,rank0_local
matched_loss_scaling_break,160m,GPT2-160M,AdamW,adamw_12k,adamw_12k,AdamW 12K,tail,2,1536,11600,204.465,204.465,3,rank0_local
matched_loss_scaling_break,160m,GPT2-160M,AdamW,adamw_12k,adamw_12k,AdamW 12K,tail,2,1536,11800,186.325,186.325,3,rank0_local
matched_loss_scaling_break,160m,GPT2-160M,AdamW,adamw_12k,adamw_12k,AdamW 12K,tail,2,1536,12000,153.285,186.325,3,rank0_local
matched_loss_scaling_break,160m,GPT2-160M,AdamW,adamw_12k,adamw_12k,AdamW 12K,head,4,3072,1,6.035,6.035,3,rank0_local
matched_loss_scaling_break,160m,GPT2-160M,AdamW,adamw_12k,adamw_12k,AdamW 12K,head,4,3072,200,2.395,4.215,3,rank0_local
matched_loss_scaling_break,160m,GPT2-160M,AdamW,adamw_12k,adamw_12k,AdamW 12K,head,4,3072,400,6.285,6.035,3,rank0_local
matched_loss_scaling_break,160m,GPT2-160M,AdamW,adamw_12k,adamw_12k,AdamW 12K,head,4,3072,600,28.285,6.285,3,rank0_local
matched_loss_scaling_break,160m,GPT2-160M,AdamW,adamw_12k,adamw_12k,AdamW 12K,head,4,3072,800,55.004999999999995,28.285,3,rank0_local
matched_loss_scaling_break,160m,GPT2-160M,AdamW,adamw_12k,adamw_12k,AdamW 12K,head,4,3072,1000,92.465,55.004999999999995,3,rank0_local
matched_loss_scaling_break,160m,GPT2-160M,AdamW,adamw_12k,adamw_12k,AdamW 12K,head,4,3072,1200,74.195,74.195,3,rank0_local
matched_loss_scaling_break,160m,GPT2-160M,AdamW,adamw_12k,adamw_12k,AdamW 12K,head,4,3072,1400,103.265,92.465,3,rank0_local
matched_loss_scaling_break,160m,GPT2-160M,AdamW,adamw_12k,adamw_12k,AdamW 12K,head,4,3072,1600,98.22,98.22,3,rank0_local
matched_loss_scaling_break,160m,GPT2-160M,AdamW,adamw_12k,adamw_12k,AdamW 12K,head,4,3072,1800,115.44999999999999,103.265,3,rank0_local
matched_loss_scaling_break,160m,GPT2-160M,AdamW,adamw_12k,adamw_12k,AdamW 12K,head,4,3072,2000,117.69,115.44999999999999,3,rank0_local
matched_loss_scaling_break,160m,GPT2-160M,AdamW,adamw_12k,adamw_12k,AdamW 12K,head,4,3072,2200,140.605,117.69,3,rank0_local
matched_loss_scaling_break,160m,GPT2-160M,AdamW,adamw_12k,adamw_12k,AdamW 12K,head,4,3072,2400,118.765,118.765,3,rank0_local
matched_loss_scaling_break,160m,GPT2-160M,AdamW,adamw_12k,adamw_12k,AdamW 12K,head,4,3072,2600,115.17500000000001,118.765,3,rank0_local
matched_loss_scaling_break,160m,GPT2-160M,AdamW,adamw_12k,adamw_12k,AdamW 12K,head,4,3072,2800,125.015,118.765,3,rank0_local
matched_loss_scaling_break,160m,GPT2-160M,AdamW,adamw_12k,adamw_12k,AdamW 12K,head,4,3072,3000,105.505,115.17500000000001,3,rank0_local
matched_loss_scaling_break,160m,GPT2-160M,AdamW,adamw_12k,adamw_12k,AdamW 12K,head,4,3072,3200,115.11000000000001,115.11000000000001,3,rank0_local
matched_loss_scaling_break,160m,GPT2-160M,AdamW,adamw_12k,adamw_12k,AdamW 12K,head,4,3072,3400,98.21000000000001,105.505,3,rank0_local
matched_loss_scaling_break,160m,GPT2-160M,AdamW,adamw_12k,adamw_12k,AdamW 12K,head,4,3072,3600,105.55,105.55,3,rank0_local
matched_loss_scaling_break,160m,GPT2-160M,AdamW,adamw_12k,adamw_12k,AdamW 12K,head,4,3072,3800,94.185,98.21000000000001,3,rank0_local
matched_loss_scaling_break,160m,GPT2-160M,AdamW,adamw_12k,adamw_12k,AdamW 12K,head,4,3072,4000,99.80000000000001,99.80000000000001,3,rank0_local
matched_loss_scaling_break,160m,GPT2-160M,AdamW,adamw_12k,adamw_12k,AdamW 12K,head,4,3072,4200,101.44,99.80000000000001,3,rank0_local
matched_loss_scaling_break,160m,GPT2-160M,AdamW,adamw_12k,adamw_12k,AdamW 12K,head,4,3072,4400,95.535,99.80000000000001,3,rank0_local
matched_loss_scaling_break,160m,GPT2-160M,AdamW,adamw_12k,adamw_12k,AdamW 12K,head,4,3072,4600,86.735,95.535,3,rank0_local
matched_loss_scaling_break,160m,GPT2-160M,AdamW,adamw_12k,adamw_12k,AdamW 12K,head,4,3072,4800,103.07499999999999,95.535,3,rank0_local
matched_loss_scaling_break,160m,GPT2-160M,AdamW,adamw_12k,adamw_12k,AdamW 12K,head,4,3072,5000,80.61500000000001,86.735,3,rank0_local
matched_loss_scaling_break,160m,GPT2-160M,AdamW,adamw_12k,adamw_12k,AdamW 12K,head,4,3072,5200,78.28999999999999,80.61500000000001,3,rank0_local
matched_loss_scaling_break,160m,GPT2-160M,AdamW,adamw_12k,adamw_12k,AdamW 12K,head,4,3072,5400,63.2,78.28999999999999,3,rank0_local
matched_loss_scaling_break,160m,GPT2-160M,AdamW,adamw_12k,adamw_12k,AdamW 12K,head,4,3072,5600,80.61500000000001,78.28999999999999,3,rank0_local
matched_loss_scaling_break,160m,GPT2-160M,AdamW,adamw_12k,adamw_12k,AdamW 12K,head,4,3072,5800,63.915,63.915,3,rank0_local
matched_loss_scaling_break,160m,GPT2-160M,AdamW,adamw_12k,adamw_12k,AdamW 12K,head,4,3072,6000,56.55,63.915,3,rank0_local
matched_loss_scaling_break,160m,GPT2-160M,AdamW,adamw_12k,adamw_12k,AdamW 12K,head,4,3072,6200,53.06,56.55,3,rank0_local
matched_loss_scaling_break,160m,GPT2-160M,AdamW,adamw_12k,adamw_12k,AdamW 12K,head,4,3072,6400,72.47,56.55,3,rank0_local
matched_loss_scaling_break,160m,GPT2-160M,AdamW,adamw_12k,adamw_12k,AdamW 12K,head,4,3072,6600,73.495,72.47,3,rank0_local
matched_loss_scaling_break,160m,GPT2-160M,AdamW,adamw_12k,adamw_12k,AdamW 12K,head,4,3072,6800,74.705,73.495,3,rank0_local
matched_loss_scaling_break,160m,GPT2-160M,AdamW,adamw_12k,adamw_12k,AdamW 12K,head,4,3072,7000,78.41,74.705,3,rank0_local
matched_loss_scaling_break,160m,GPT2-160M,AdamW,adamw_12k,adamw_12k,AdamW 12K,head,4,3072,7200,73.645,74.705,3,rank0_local
matched_loss_scaling_break,160m,GPT2-160M,AdamW,adamw_12k,adamw_12k,AdamW 12K,head,4,3072,7400,82.565,78.41,3,rank0_local
matched_loss_scaling_break,160m,GPT2-160M,AdamW,adamw_12k,adamw_12k,AdamW 12K,head,4,3072,7600,59.91,73.645,3,rank0_local
matched_loss_scaling_break,160m,GPT2-160M,AdamW,adamw_12k,adamw_12k,AdamW 12K,head,4,3072,7800,56.575,59.91,3,rank0_local
matched_loss_scaling_break,160m,GPT2-160M,AdamW,adamw_12k,adamw_12k,AdamW 12K,head,4,3072,8000,68.39500000000001,59.91,3,rank0_local
matched_loss_scaling_break,160m,GPT2-160M,AdamW,adamw_12k,adamw_12k,AdamW 12K,head,4,3072,8200,46.33,56.575,3,rank0_local
matched_loss_scaling_break,160m,GPT2-160M,AdamW,adamw_12k,adamw_12k,AdamW 12K,head,4,3072,8400,78.765,68.39500000000001,3,rank0_local
matched_loss_scaling_break,160m,GPT2-160M,AdamW,adamw_12k,adamw_12k,AdamW 12K,head,4,3072,8600,45.875,46.33,3,rank0_local
matched_loss_scaling_break,160m,GPT2-160M,AdamW,adamw_12k,adamw_12k,AdamW 12K,head,4,3072,8800,61.96,61.96,3,rank0_local
matched_loss_scaling_break,160m,GPT2-160M,AdamW,adamw_12k,adamw_12k,AdamW 12K,head,4,3072,9000,73.61500000000001,61.96,3,rank0_local
matched_loss_scaling_break,160m,GPT2-160M,AdamW,adamw_12k,adamw_12k,AdamW 12K,head,4,3072,9200,48.965,61.96,3,rank0_local
matched_loss_scaling_break,160m,GPT2-160M,AdamW,adamw_12k,adamw_12k,AdamW 12K,head,4,3072,9400,47.68,48.965,3,rank0_local
matched_loss_scaling_break,160m,GPT2-160M,AdamW,adamw_12k,adamw_12k,AdamW 12K,head,4,3072,9600,54.455,48.965,3,rank0_local
matched_loss_scaling_break,160m,GPT2-160M,AdamW,adamw_12k,adamw_12k,AdamW 12K,head,4,3072,9800,53.144999999999996,53.144999999999996,3,rank0_local
matched_loss_scaling_break,160m,GPT2-160M,AdamW,adamw_12k,adamw_12k,AdamW 12K,head,4,3072,10000,77.695,54.455,3,rank0_local
matched_loss_scaling_break,160m,GPT2-160M,AdamW,adamw_12k,adamw_12k,AdamW 12K,head,4,3072,10200,57.64,57.64,3,rank0_local
matched_loss_scaling_break,160m,GPT2-160M,AdamW,adamw_12k,adamw_12k,AdamW 12K,head,4,3072,10400,61.260000000000005,61.260000000000005,3,rank0_local
matched_loss_scaling_break,160m,GPT2-160M,AdamW,adamw_12k,adamw_12k,AdamW 12K,head,4,3072,10600,41.614999999999995,57.64,3,rank0_local
matched_loss_scaling_break,160m,GPT2-160M,AdamW,adamw_12k,adamw_12k,AdamW 12K,head,4,3072,10800,67.32,61.260000000000005,3,rank0_local
matched_loss_scaling_break,160m,GPT2-160M,AdamW,adamw_12k,adamw_12k,AdamW 12K,head,4,3072,11000,63.35,63.35,3,rank0_local
matched_loss_scaling_break,160m,GPT2-160M,AdamW,adamw_12k,adamw_12k,AdamW 12K,head,4,3072,11200,52.08,63.35,3,rank0_local
matched_loss_scaling_break,160m,GPT2-160M,AdamW,adamw_12k,adamw_12k,AdamW 12K,head,4,3072,11400,55.91,55.91,3,rank0_local
matched_loss_scaling_break,160m,GPT2-160M,AdamW,adamw_12k,adamw_12k,AdamW 12K,head,4,3072,11600,61.75,55.91,3,rank0_local
matched_loss_scaling_break,160m,GPT2-160M,AdamW,adamw_12k,adamw_12k,AdamW 12K,head,4,3072,11800,57.885000000000005,57.885000000000005,3,rank0_local
matched_loss_scaling_break,160m,GPT2-160M,AdamW,adamw_12k,adamw_12k,AdamW 12K,head,4,3072,12000,48.275000000000006,57.885000000000005,3,rank0_local
matched_loss_scaling_break,160m,GPT2-160M,AdamW,adamw_12k,adamw_12k,AdamW 12K,mid,4,3072,1,158.87,158.87,3,rank0_local
matched_loss_scaling_break,160m,GPT2-160M,AdamW,adamw_12k,adamw_12k,AdamW 12K,mid,4,3072,200,2.335,80.6025,3,rank0_local
matched_loss_scaling_break,160m,GPT2-160M,AdamW,adamw_12k,adamw_12k,AdamW 12K,mid,4,3072,400,11.805,11.805,3,rank0_local
matched_loss_scaling_break,160m,GPT2-160M,AdamW,adamw_12k,adamw_12k,AdamW 12K,mid,4,3072,600,60.875,11.805,3,rank0_local
matched_loss_scaling_break,160m,GPT2-160M,AdamW,adamw_12k,adamw_12k,AdamW 12K,mid,4,3072,800,121.305,60.875,3,rank0_local
matched_loss_scaling_break,160m,GPT2-160M,AdamW,adamw_12k,adamw_12k,AdamW 12K,mid,4,3072,1000,203.555,121.305,3,rank0_local
matched_loss_scaling_break,160m,GPT2-160M,AdamW,adamw_12k,adamw_12k,AdamW 12K,mid,4,3072,1200,252.365,203.555,3,rank0_local
matched_loss_scaling_break,160m,GPT2-160M,AdamW,adamw_12k,adamw_12k,AdamW 12K,mid,4,3072,1400,308.125,252.365,3,rank0_local
matched_loss_scaling_break,160m,GPT2-160M,AdamW,adamw_12k,adamw_12k,AdamW 12K,mid,4,3072,1600,291.62,291.62,3,rank0_local
matched_loss_scaling_break,160m,GPT2-160M,AdamW,adamw_12k,adamw_12k,AdamW 12K,mid,4,3072,1800,296.07000000000005,296.07000000000005,3,rank0_local
matched_loss_scaling_break,160m,GPT2-160M,AdamW,adamw_12k,adamw_12k,AdamW 12K,mid,4,3072,2000,318.075,296.07000000000005,3,rank0_local
matched_loss_scaling_break,160m,GPT2-160M,AdamW,adamw_12k,adamw_12k,AdamW 12K,mid,4,3072,2200,324.74,318.075,3,rank0_local
matched_loss_scaling_break,160m,GPT2-160M,AdamW,adamw_12k,adamw_12k,AdamW 12K,mid,4,3072,2400,300.66499999999996,318.075,3,rank0_local
matched_loss_scaling_break,160m,GPT2-160M,AdamW,adamw_12k,adamw_12k,AdamW 12K,mid,4,3072,2600,349.85,324.74,3,rank0_local
matched_loss_scaling_break,160m,GPT2-160M,AdamW,adamw_12k,adamw_12k,AdamW 12K,mid,4,3072,2800,330.8,330.8,3,rank0_local
matched_loss_scaling_break,160m,GPT2-160M,AdamW,adamw_12k,adamw_12k,AdamW 12K,mid,4,3072,3000,315.625,330.8,3,rank0_local
matched_loss_scaling_break,160m,GPT2-160M,AdamW,adamw_12k,adamw_12k,AdamW 12K,mid,4,3072,3200,311.24,315.625,3,rank0_local
matched_loss_scaling_break,160m,GPT2-160M,AdamW,adamw_12k,adamw_12k,AdamW 12K,mid,4,3072,3400,332.725,315.625,3,rank0_local
matched_loss_scaling_break,160m,GPT2-160M,AdamW,adamw_12k,adamw_12k,AdamW 12K,mid,4,3072,3600,325.685,325.685,3,rank0_local
matched_loss_scaling_break,160m,GPT2-160M,AdamW,adamw_12k,adamw_12k,AdamW 12K,mid,4,3072,3800,335.235,332.725,3,rank0_local
matched_loss_scaling_break,160m,GPT2-160M,AdamW,adamw_12k,adamw_12k,AdamW 12K,mid,4,3072,4000,351.04,335.235,3,rank0_local
matched_loss_scaling_break,160m,GPT2-160M,AdamW,adamw_12k,adamw_12k,AdamW 12K,mid,4,3072,4200,275.675,335.235,3,rank0_local
matched_loss_scaling_break,160m,GPT2-160M,AdamW,adamw_12k,adamw_12k,AdamW 12K,mid,4,3072,4400,315.22,315.22,3,rank0_local
matched_loss_scaling_break,160m,GPT2-160M,AdamW,adamw_12k,adamw_12k,AdamW 12K,mid,4,3072,4600,314.17999999999995,314.17999999999995,3,rank0_local
matched_loss_scaling_break,160m,GPT2-160M,AdamW,adamw_12k,adamw_12k,AdamW 12K,mid,4,3072,4800,306.95500000000004,314.17999999999995,3,rank0_local
matched_loss_scaling_break,160m,GPT2-160M,AdamW,adamw_12k,adamw_12k,AdamW 12K,mid,4,3072,5000,291.48,306.95500000000004,3,rank0_local
matched_loss_scaling_break,160m,GPT2-160M,AdamW,adamw_12k,adamw_12k,AdamW 12K,mid,4,3072,5200,297.76,297.76,3,rank0_local
matched_loss_scaling_break,160m,GPT2-160M,AdamW,adamw_12k,adamw_12k,AdamW 12K,mid,4,3072,5400,303.22,297.76,3,rank0_local
matched_loss_scaling_break,160m,GPT2-160M,AdamW,adamw_12k,adamw_12k,AdamW 12K,mid,4,3072,5600,287.21000000000004,297.76,3,rank0_local
matched_loss_scaling_break,160m,GPT2-160M,AdamW,adamw_12k,adamw_12k,AdamW 12K,mid,4,3072,5800,281.04,287.21000000000004,3,rank0_local
matched_loss_scaling_break,160m,GPT2-160M,AdamW,adamw_12k,adamw_12k,AdamW 12K,mid,4,3072,6000,291.445,287.21000000000004,3,rank0_local
matched_loss_scaling_break,160m,GPT2-160M,AdamW,adamw_12k,adamw_12k,AdamW 12K,mid,4,3072,6200,299.14,291.445,3,rank0_local
matched_loss_scaling_break,160m,GPT2-160M,AdamW,adamw_12k,adamw_12k,AdamW 12K,mid,4,3072,6400,275.945,291.445,3,rank0_local
matched_loss_scaling_break,160m,GPT2-160M,AdamW,adamw_12k,adamw_12k,AdamW 12K,mid,4,3072,6600,313.16499999999996,299.14,3,rank0_local
matched_loss_scaling_break,160m,GPT2-160M,AdamW,adamw_12k,adamw_12k,AdamW 12K,mid,4,3072,6800,210.49,275.945,3,rank0_local
matched_loss_scaling_break,160m,GPT2-160M,AdamW,adamw_12k,adamw_12k,AdamW 12K,mid,4,3072,7000,284.645,284.645,3,rank0_local
matched_loss_scaling_break,160m,GPT2-160M,AdamW,adamw_12k,adamw_12k,AdamW 12K,mid,4,3072,7200,280.725,280.725,3,rank0_local
matched_loss_scaling_break,160m,GPT2-160M,AdamW,adamw_12k,adamw_12k,AdamW 12K,mid,4,3072,7400,275.25,280.725,3,rank0_local
matched_loss_scaling_break,160m,GPT2-160M,AdamW,adamw_12k,adamw_12k,AdamW 12K,mid,4,3072,7600,266.15999999999997,275.25,3,rank0_local
matched_loss_scaling_break,160m,GPT2-160M,AdamW,adamw_12k,adamw_12k,AdamW 12K,mid,4,3072,7800,211.4,266.15999999999997,3,rank0_local
matched_loss_scaling_break,160m,GPT2-160M,AdamW,adamw_12k,adamw_12k,AdamW 12K,mid,4,3072,8000,267.855,266.15999999999997,3,rank0_local
matched_loss_scaling_break,160m,GPT2-160M,AdamW,adamw_12k,adamw_12k,AdamW 12K,mid,4,3072,8200,256.455,256.455,3,rank0_local
matched_loss_scaling_break,160m,GPT2-160M,AdamW,adamw_12k,adamw_12k,AdamW 12K,mid,4,3072,8400,283.38,267.855,3,rank0_local
matched_loss_scaling_break,160m,GPT2-160M,AdamW,adamw_12k,adamw_12k,AdamW 12K,mid,4,3072,8600,249.08499999999998,256.455,3,rank0_local
matched_loss_scaling_break,160m,GPT2-160M,AdamW,adamw_12k,adamw_12k,AdamW 12K,mid,4,3072,8800,287.58500000000004,283.38,3,rank0_local
matched_loss_scaling_break,160m,GPT2-160M,AdamW,adamw_12k,adamw_12k,AdamW 12K,mid,4,3072,9000,236.735,249.08499999999998,3,rank0_local
matched_loss_scaling_break,160m,GPT2-160M,AdamW,adamw_12k,adamw_12k,AdamW 12K,mid,4,3072,9200,291.16499999999996,287.58500000000004,3,rank0_local
matched_loss_scaling_break,160m,GPT2-160M,AdamW,adamw_12k,adamw_12k,AdamW 12K,mid,4,3072,9400,285.425,285.425,3,rank0_local
matched_loss_scaling_break,160m,GPT2-160M,AdamW,adamw_12k,adamw_12k,AdamW 12K,mid,4,3072,9600,263.68,285.425,3,rank0_local
matched_loss_scaling_break,160m,GPT2-160M,AdamW,adamw_12k,adamw_12k,AdamW 12K,mid,4,3072,9800,287.77,285.425,3,rank0_local
matched_loss_scaling_break,160m,GPT2-160M,AdamW,adamw_12k,adamw_12k,AdamW 12K,mid,4,3072,10000,286.635,286.635,3,rank0_local
matched_loss_scaling_break,160m,GPT2-160M,AdamW,adamw_12k,adamw_12k,AdamW 12K,mid,4,3072,10200,282.47,286.635,3,rank0_local
matched_loss_scaling_break,160m,GPT2-160M,AdamW,adamw_12k,adamw_12k,AdamW 12K,mid,4,3072,10400,261.945,282.47,3,rank0_local
matched_loss_scaling_break,160m,GPT2-160M,AdamW,adamw_12k,adamw_12k,AdamW 12K,mid,4,3072,10600,279.92999999999995,279.92999999999995,3,rank0_local
matched_loss_scaling_break,160m,GPT2-160M,AdamW,adamw_12k,adamw_12k,AdamW 12K,mid,4,3072,10800,266.77,266.77,3,rank0_local
matched_loss_scaling_break,160m,GPT2-160M,AdamW,adamw_12k,adamw_12k,AdamW 12K,mid,4,3072,11000,277.28499999999997,277.28499999999997,3,rank0_local
matched_loss_scaling_break,160m,GPT2-160M,AdamW,adamw_12k,adamw_12k,AdamW 12K,mid,4,3072,11200,280.19,277.28499999999997,3,rank0_local
matched_loss_scaling_break,160m,GPT2-160M,AdamW,adamw_12k,adamw_12k,AdamW 12K,mid,4,3072,11400,282.865,280.19,3,rank0_local
matched_loss_scaling_break,160m,GPT2-160M,AdamW,adamw_12k,adamw_12k,AdamW 12K,mid,4,3072,11600,273.88,280.19,3,rank0_local
matched_loss_scaling_break,160m,GPT2-160M,AdamW,adamw_12k,adamw_12k,AdamW 12K,mid,4,3072,11800,238.09000000000003,273.88,3,rank0_local
matched_loss_scaling_break,160m,GPT2-160M,AdamW,adamw_12k,adamw_12k,AdamW 12K,mid,4,3072,12000,280.52,273.88,3,rank0_local
matched_loss_scaling_break,160m,GPT2-160M,AdamW,adamw_12k,adamw_12k,AdamW 12K,tail,4,3072,1,246.375,246.375,3,rank0_local
matched_loss_scaling_break,160m,GPT2-160M,AdamW,adamw_12k,adamw_12k,AdamW 12K,tail,4,3072,200,2.6799999999999997,124.5275,3,rank0_local
matched_loss_scaling_break,160m,GPT2-160M,AdamW,adamw_12k,adamw_12k,AdamW 12K,tail,4,3072,400,9.52,9.52,3,rank0_local
matched_loss_scaling_break,160m,GPT2-160M,AdamW,adamw_12k,adamw_12k,AdamW 12K,tail,4,3072,600,56.175,9.52,3,rank0_local
matched_loss_scaling_break,160m,GPT2-160M,AdamW,adamw_12k,adamw_12k,AdamW 12K,tail,4,3072,800,107.485,56.175,3,rank0_local
matched_loss_scaling_break,160m,GPT2-160M,AdamW,adamw_12k,adamw_12k,AdamW 12K,tail,4,3072,1000,202.92000000000002,107.485,3,rank0_local
matched_loss_scaling_break,160m,GPT2-160M,AdamW,adamw_12k,adamw_12k,AdamW 12K,tail,4,3072,1200,244.485,202.92000000000002,3,rank0_local
matched_loss_scaling_break,160m,GPT2-160M,AdamW,adamw_12k,adamw_12k,AdamW 12K,tail,4,3072,1400,302.635,244.485,3,rank0_local
matched_loss_scaling_break,160m,GPT2-160M,AdamW,adamw_12k,adamw_12k,AdamW 12K,tail,4,3072,1600,320.67999999999995,302.635,3,rank0_local
matched_loss_scaling_break,160m,GPT2-160M,AdamW,adamw_12k,adamw_12k,AdamW 12K,tail,4,3072,1800,340.68,320.67999999999995,3,rank0_local
matched_loss_scaling_break,160m,GPT2-160M,AdamW,adamw_12k,adamw_12k,AdamW 12K,tail,4,3072,2000,427.43,340.68,3,rank0_local
matched_loss_scaling_break,160m,GPT2-160M,AdamW,adamw_12k,adamw_12k,AdamW 12K,tail,4,3072,2200,457.325,427.43,3,rank0_local
matched_loss_scaling_break,160m,GPT2-160M,AdamW,adamw_12k,adamw_12k,AdamW 12K,tail,4,3072,2400,372.82,427.43,3,rank0_local
matched_loss_scaling_break,160m,GPT2-160M,AdamW,adamw_12k,adamw_12k,AdamW 12K,tail,4,3072,2600,463.46,457.325,3,rank0_local
matched_loss_scaling_break,160m,GPT2-160M,AdamW,adamw_12k,adamw_12k,AdamW 12K,tail,4,3072,2800,457.095,457.095,3,rank0_local
matched_loss_scaling_break,160m,GPT2-160M,AdamW,adamw_12k,adamw_12k,AdamW 12K,tail,4,3072,3000,432.395,457.095,3,rank0_local
matched_loss_scaling_break,160m,GPT2-160M,AdamW,adamw_12k,adamw_12k,AdamW 12K,tail,4,3072,3200,445.07000000000005,445.07000000000005,3,rank0_local
matched_loss_scaling_break,160m,GPT2-160M,AdamW,adamw_12k,adamw_12k,AdamW 12K,tail,4,3072,3400,454.6,445.07000000000005,3,rank0_local
matched_loss_scaling_break,160m,GPT2-160M,AdamW,adamw_12k,adamw_12k,AdamW 12K,tail,4,3072,3600,442.835,445.07000000000005,3,rank0_local
matched_loss_scaling_break,160m,GPT2-160M,AdamW,adamw_12k,adamw_12k,AdamW 12K,tail,4,3072,3800,429.45500000000004,442.835,3,rank0_local
matched_loss_scaling_break,160m,GPT2-160M,AdamW,adamw_12k,adamw_12k,AdamW 12K,tail,4,3072,4000,394.77,429.45500000000004,3,rank0_local
matched_loss_scaling_break,160m,GPT2-160M,AdamW,adamw_12k,adamw_12k,AdamW 12K,tail,4,3072,4200,375.625,394.77,3,rank0_local
matched_loss_scaling_break,160m,GPT2-160M,AdamW,adamw_12k,adamw_12k,AdamW 12K,tail,4,3072,4400,423.79,394.77,3,rank0_local
matched_loss_scaling_break,160m,GPT2-160M,AdamW,adamw_12k,adamw_12k,AdamW 12K,tail,4,3072,4600,424.38,423.79,3,rank0_local
matched_loss_scaling_break,160m,GPT2-160M,AdamW,adamw_12k,adamw_12k,AdamW 12K,tail,4,3072,4800,422.475,423.79,3,rank0_local
matched_loss_scaling_break,160m,GPT2-160M,AdamW,adamw_12k,adamw_12k,AdamW 12K,tail,4,3072,5000,417.905,422.475,3,rank0_local
matched_loss_scaling_break,160m,GPT2-160M,AdamW,adamw_12k,adamw_12k,AdamW 12K,tail,4,3072,5200,401.42,417.905,3,rank0_local
matched_loss_scaling_break,160m,GPT2-160M,AdamW,adamw_12k,adamw_12k,AdamW 12K,tail,4,3072,5400,436.655,417.905,3,rank0_local
matched_loss_scaling_break,160m,GPT2-160M,AdamW,adamw_12k,adamw_12k,AdamW 12K,tail,4,3072,5600,410.005,410.005,3,rank0_local
matched_loss_scaling_break,160m,GPT2-160M,AdamW,adamw_12k,adamw_12k,AdamW 12K,tail,4,3072,5800,423.40999999999997,423.40999999999997,3,rank0_local
matched_loss_scaling_break,160m,GPT2-160M,AdamW,adamw_12k,adamw_12k,AdamW 12K,tail,4,3072,6000,417.43,417.43,3,rank0_local
matched_loss_scaling_break,160m,GPT2-160M,AdamW,adamw_12k,adamw_12k,AdamW 12K,tail,4,3072,6200,429.735,423.40999999999997,3,rank0_local
matched_loss_scaling_break,160m,GPT2-160M,AdamW,adamw_12k,adamw_12k,AdamW 12K,tail,4,3072,6400,409.685,417.43,3,rank0_local
matched_loss_scaling_break,160m,GPT2-160M,AdamW,adamw_12k,adamw_12k,AdamW 12K,tail,4,3072,6600,434.03499999999997,429.735,3,rank0_local
matched_loss_scaling_break,160m,GPT2-160M,AdamW,adamw_12k,adamw_12k,AdamW 12K,tail,4,3072,6800,421.685,421.685,3,rank0_local
matched_loss_scaling_break,160m,GPT2-160M,AdamW,adamw_12k,adamw_12k,AdamW 12K,tail,4,3072,7000,433.44500000000005,433.44500000000005,3,rank0_local
matched_loss_scaling_break,160m,GPT2-160M,AdamW,adamw_12k,adamw_12k,AdamW 12K,tail,4,3072,7200,427.34000000000003,427.34000000000003,3,rank0_local
matched_loss_scaling_break,160m,GPT2-160M,AdamW,adamw_12k,adamw_12k,AdamW 12K,tail,4,3072,7400,412.555,427.34000000000003,3,rank0_local
matched_loss_scaling_break,160m,GPT2-160M,AdamW,adamw_12k,adamw_12k,AdamW 12K,tail,4,3072,7600,395.64,412.555,3,rank0_local
matched_loss_scaling_break,160m,GPT2-160M,AdamW,adamw_12k,adamw_12k,AdamW 12K,tail,4,3072,7800,402.33500000000004,402.33500000000004,3,rank0_local
matched_loss_scaling_break,160m,GPT2-160M,AdamW,adamw_12k,adamw_12k,AdamW 12K,tail,4,3072,8000,390.97,395.64,3,rank0_local
matched_loss_scaling_break,160m,GPT2-160M,AdamW,adamw_12k,adamw_12k,AdamW 12K,tail,4,3072,8200,400.15,400.15,3,rank0_local
matched_loss_scaling_break,160m,GPT2-160M,AdamW,adamw_12k,adamw_12k,AdamW 12K,tail,4,3072,8400,430.105,400.15,3,rank0_local
matched_loss_scaling_break,160m,GPT2-160M,AdamW,adamw_12k,adamw_12k,AdamW 12K,tail,4,3072,8600,405.42,405.42,3,rank0_local
matched_loss_scaling_break,160m,GPT2-160M,AdamW,adamw_12k,adamw_12k,AdamW 12K,tail,4,3072,8800,423.07,423.07,3,rank0_local
matched_loss_scaling_break,160m,GPT2-160M,AdamW,adamw_12k,adamw_12k,AdamW 12K,tail,4,3072,9000,378.255,405.42,3,rank0_local
matched_loss_scaling_break,160m,GPT2-160M,AdamW,adamw_12k,adamw_12k,AdamW 12K,tail,4,3072,9200,394.645,394.645,3,rank0_local
matched_loss_scaling_break,160m,GPT2-160M,AdamW,adamw_12k,adamw_12k,AdamW 12K,tail,4,3072,9400,417.38,394.645,3,rank0_local
matched_loss_scaling_break,160m,GPT2-160M,AdamW,adamw_12k,adamw_12k,AdamW 12K,tail,4,3072,9600,398.61,398.61,3,rank0_local
matched_loss_scaling_break,160m,GPT2-160M,AdamW,adamw_12k,adamw_12k,AdamW 12K,tail,4,3072,9800,403.755,403.755,3,rank0_local
matched_loss_scaling_break,160m,GPT2-160M,AdamW,adamw_12k,adamw_12k,AdamW 12K,tail,4,3072,10000,392.67499999999995,398.61,3,rank0_local
matched_loss_scaling_break,160m,GPT2-160M,AdamW,adamw_12k,adamw_12k,AdamW 12K,tail,4,3072,10200,399.745,399.745,3,rank0_local
matched_loss_scaling_break,160m,GPT2-160M,AdamW,adamw_12k,adamw_12k,AdamW 12K,tail,4,3072,10400,379.875,392.67499999999995,3,rank0_local
matched_loss_scaling_break,160m,GPT2-160M,AdamW,adamw_12k,adamw_12k,AdamW 12K,tail,4,3072,10600,338.08,379.875,3,rank0_local
matched_loss_scaling_break,160m,GPT2-160M,AdamW,adamw_12k,adamw_12k,AdamW 12K,tail,4,3072,10800,356.15999999999997,356.15999999999997,3,rank0_local
matched_loss_scaling_break,160m,GPT2-160M,AdamW,adamw_12k,adamw_12k,AdamW 12K,tail,4,3072,11000,357.16499999999996,356.15999999999997,3,rank0_local
matched_loss_scaling_break,160m,GPT2-160M,AdamW,adamw_12k,adamw_12k,AdamW 12K,tail,4,3072,11200,374.43,357.16499999999996,3,rank0_local
matched_loss_scaling_break,160m,GPT2-160M,AdamW,adamw_12k,adamw_12k,AdamW 12K,tail,4,3072,11400,384.44,374.43,3,rank0_local
matched_loss_scaling_break,160m,GPT2-160M,AdamW,adamw_12k,adamw_12k,AdamW 12K,tail,4,3072,11600,380.57500000000005,380.57500000000005,3,rank0_local
matched_loss_scaling_break,160m,GPT2-160M,AdamW,adamw_12k,adamw_12k,AdamW 12K,tail,4,3072,11800,348.31,380.57500000000005,3,rank0_local
matched_loss_scaling_break,160m,GPT2-160M,AdamW,adamw_12k,adamw_12k,AdamW 12K,tail,4,3072,12000,370.635,370.635,3,rank0_local
matched_loss_scaling_break,160m,GPT2-160M,AdamW,adamw_12k,adamw_12k,AdamW 12K,head,8,6144,1,3.945,3.945,3,rank0_local
matched_loss_scaling_break,160m,GPT2-160M,AdamW,adamw_12k,adamw_12k,AdamW 12K,head,8,6144,200,2.0,2.9725,3,rank0_local
matched_loss_scaling_break,160m,GPT2-160M,AdamW,adamw_12k,adamw_12k,AdamW 12K,head,8,6144,400,4.82,3.945,3,rank0_local
matched_loss_scaling_break,160m,GPT2-160M,AdamW,adamw_12k,adamw_12k,AdamW 12K,head,8,6144,600,19.09,4.82,3,rank0_local
matched_loss_scaling_break,160m,GPT2-160M,AdamW,adamw_12k,adamw_12k,AdamW 12K,head,8,6144,800,29.865000000000002,19.09,3,rank0_local
matched_loss_scaling_break,160m,GPT2-160M,AdamW,adamw_12k,adamw_12k,AdamW 12K,head,8,6144,1000,84.28999999999999,29.865000000000002,3,rank0_local
matched_loss_scaling_break,160m,GPT2-160M,AdamW,adamw_12k,adamw_12k,AdamW 12K,head,8,6144,1200,102.06,84.28999999999999,3,rank0_local
matched_loss_scaling_break,160m,GPT2-160M,AdamW,adamw_12k,adamw_12k,AdamW 12K,head,8,6144,1400,116.525,102.06,3,rank0_local
matched_loss_scaling_break,160m,GPT2-160M,AdamW,adamw_12k,adamw_12k,AdamW 12K,head,8,6144,1600,122.58,116.525,3,rank0_local
matched_loss_scaling_break,160m,GPT2-160M,AdamW,adamw_12k,adamw_12k,AdamW 12K,head,8,6144,1800,117.425,117.425,3,rank0_local
matched_loss_scaling_break,160m,GPT2-160M,AdamW,adamw_12k,adamw_12k,AdamW 12K,head,8,6144,2000,122.735,122.58,3,rank0_local
matched_loss_scaling_break,160m,GPT2-160M,AdamW,adamw_12k,adamw_12k,AdamW 12K,head,8,6144,2200,110.695,117.425,3,rank0_local
matched_loss_scaling_break,160m,GPT2-160M,AdamW,adamw_12k,adamw_12k,AdamW 12K,head,8,6144,2400,102.905,110.695,3,rank0_local
matched_loss_scaling_break,160m,GPT2-160M,AdamW,adamw_12k,adamw_12k,AdamW 12K,head,8,6144,2600,109.04,109.04,3,rank0_local
matched_loss_scaling_break,160m,GPT2-160M,AdamW,adamw_12k,adamw_12k,AdamW 12K,head,8,6144,2800,115.38,109.04,3,rank0_local
matched_loss_scaling_break,160m,GPT2-160M,AdamW,adamw_12k,adamw_12k,AdamW 12K,head,8,6144,3000,77.19,109.04,3,rank0_local
matched_loss_scaling_break,160m,GPT2-160M,AdamW,adamw_12k,adamw_12k,AdamW 12K,head,8,6144,3200,90.115,90.115,3,rank0_local
matched_loss_scaling_break,160m,GPT2-160M,AdamW,adamw_12k,adamw_12k,AdamW 12K,head,8,6144,3400,69.85,77.19,3,rank0_local
matched_loss_scaling_break,160m,GPT2-160M,AdamW,adamw_12k,adamw_12k,AdamW 12K,head,8,6144,3600,72.99,72.99,3,rank0_local
matched_loss_scaling_break,160m,GPT2-160M,AdamW,adamw_12k,adamw_12k,AdamW 12K,head,8,6144,3800,61.815,69.85,3,rank0_local
matched_loss_scaling_break,160m,GPT2-160M,AdamW,adamw_12k,adamw_12k,AdamW 12K,head,8,6144,4000,65.125,65.125,3,rank0_local
matched_loss_scaling_break,160m,GPT2-160M,AdamW,adamw_12k,adamw_12k,AdamW 12K,head,8,6144,4200,61.665,61.815,3,rank0_local
matched_loss_scaling_break,160m,GPT2-160M,AdamW,adamw_12k,adamw_12k,AdamW 12K,head,8,6144,4400,69.96000000000001,65.125,3,rank0_local
matched_loss_scaling_break,160m,GPT2-160M,AdamW,adamw_12k,adamw_12k,AdamW 12K,head,8,6144,4600,52.684999999999995,61.665,3,rank0_local
matched_loss_scaling_break,160m,GPT2-160M,AdamW,adamw_12k,adamw_12k,AdamW 12K,head,8,6144,4800,53.31,53.31,3,rank0_local
matched_loss_scaling_break,160m,GPT2-160M,AdamW,adamw_12k,adamw_12k,AdamW 12K,head,8,6144,5000,39.675000000000004,52.684999999999995,3,rank0_local
matched_loss_scaling_break,160m,GPT2-160M,AdamW,adamw_12k,adamw_12k,AdamW 12K,head,8,6144,5200,47.17,47.17,3,rank0_local
matched_loss_scaling_break,160m,GPT2-160M,AdamW,adamw_12k,adamw_12k,AdamW 12K,head,8,6144,5400,46.55,46.55,3,rank0_local
matched_loss_scaling_break,160m,GPT2-160M,AdamW,adamw_12k,adamw_12k,AdamW 12K,head,8,6144,5600,40.43,46.55,3,rank0_local
matched_loss_scaling_break,160m,GPT2-160M,AdamW,adamw_12k,adamw_12k,AdamW 12K,head,8,6144,5800,40.45,40.45,3,rank0_local
matched_loss_scaling_break,160m,GPT2-160M,AdamW,adamw_12k,adamw_12k,AdamW 12K,head,8,6144,6000,34.9,40.43,3,rank0_local
matched_loss_scaling_break,160m,GPT2-160M,AdamW,adamw_12k,adamw_12k,AdamW 12K,head,8,6144,6200,45.43000000000001,40.45,3,rank0_local
matched_loss_scaling_break,160m,GPT2-160M,AdamW,adamw_12k,adamw_12k,AdamW 12K,head,8,6144,6400,49.82,45.43000000000001,3,rank0_local
matched_loss_scaling_break,160m,GPT2-160M,AdamW,adamw_12k,adamw_12k,AdamW 12K,head,8,6144,6600,44.400000000000006,45.43000000000001,3,rank0_local
matched_loss_scaling_break,160m,GPT2-160M,AdamW,adamw_12k,adamw_12k,AdamW 12K,head,8,6144,6800,44.83,44.83,3,rank0_local
matched_loss_scaling_break,160m,GPT2-160M,AdamW,adamw_12k,adamw_12k,AdamW 12K,head,8,6144,7000,43.81,44.400000000000006,3,rank0_local
matched_loss_scaling_break,160m,GPT2-160M,AdamW,adamw_12k,adamw_12k,AdamW 12K,head,8,6144,7200,46.53,44.83,3,rank0_local
matched_loss_scaling_break,160m,GPT2-160M,AdamW,adamw_12k,adamw_12k,AdamW 12K,head,8,6144,7400,51.065,46.53,3,rank0_local
matched_loss_scaling_break,160m,GPT2-160M,AdamW,adamw_12k,adamw_12k,AdamW 12K,head,8,6144,7600,53.07,51.065,3,rank0_local
matched_loss_scaling_break,160m,GPT2-160M,AdamW,adamw_12k,adamw_12k,AdamW 12K,head,8,6144,7800,50.59,51.065,3,rank0_local
matched_loss_scaling_break,160m,GPT2-160M,AdamW,adamw_12k,adamw_12k,AdamW 12K,head,8,6144,8000,32.61,50.59,3,rank0_local
matched_loss_scaling_break,160m,GPT2-160M,AdamW,adamw_12k,adamw_12k,AdamW 12K,head,8,6144,8200,40.315,40.315,3,rank0_local
matched_loss_scaling_break,160m,GPT2-160M,AdamW,adamw_12k,adamw_12k,AdamW 12K,head,8,6144,8400,42.269999999999996,40.315,3,rank0_local
matched_loss_scaling_break,160m,GPT2-160M,AdamW,adamw_12k,adamw_12k,AdamW 12K,head,8,6144,8600,36.945,40.315,3,rank0_local
matched_loss_scaling_break,160m,GPT2-160M,AdamW,adamw_12k,adamw_12k,AdamW 12K,head,8,6144,8800,38.114999999999995,38.114999999999995,3,rank0_local
matched_loss_scaling_break,160m,GPT2-160M,AdamW,adamw_12k,adamw_12k,AdamW 12K,head,8,6144,9000,42.075,38.114999999999995,3,rank0_local
matched_loss_scaling_break,160m,GPT2-160M,AdamW,adamw_12k,adamw_12k,AdamW 12K,head,8,6144,9200,48.435,42.075,3,rank0_local
matched_loss_scaling_break,160m,GPT2-160M,AdamW,adamw_12k,adamw_12k,AdamW 12K,head,8,6144,9400,41.64,42.075,3,rank0_local
matched_loss_scaling_break,160m,GPT2-160M,AdamW,adamw_12k,adamw_12k,AdamW 12K,head,8,6144,9600,37.345,41.64,3,rank0_local
matched_loss_scaling_break,160m,GPT2-160M,AdamW,adamw_12k,adamw_12k,AdamW 12K,head,8,6144,9800,40.795,40.795,3,rank0_local
matched_loss_scaling_break,160m,GPT2-160M,AdamW,adamw_12k,adamw_12k,AdamW 12K,head,8,6144,10000,52.995000000000005,40.795,3,rank0_local
matched_loss_scaling_break,160m,GPT2-160M,AdamW,adamw_12k,adamw_12k,AdamW 12K,head,8,6144,10200,39.095,40.795,3,rank0_local
matched_loss_scaling_break,160m,GPT2-160M,AdamW,adamw_12k,adamw_12k,AdamW 12K,head,8,6144,10400,47.89,47.89,3,rank0_local
matched_loss_scaling_break,160m,GPT2-160M,AdamW,adamw_12k,adamw_12k,AdamW 12K,head,8,6144,10600,36.25,39.095,3,rank0_local
matched_loss_scaling_break,160m,GPT2-160M,AdamW,adamw_12k,adamw_12k,AdamW 12K,head,8,6144,10800,47.06,47.06,3,rank0_local
matched_loss_scaling_break,160m,GPT2-160M,AdamW,adamw_12k,adamw_12k,AdamW 12K,head,8,6144,11000,48.185,47.06,3,rank0_local
matched_loss_scaling_break,160m,GPT2-160M,AdamW,adamw_12k,adamw_12k,AdamW 12K,head,8,6144,11200,52.01,48.185,3,rank0_local
matched_loss_scaling_break,160m,GPT2-160M,AdamW,adamw_12k,adamw_12k,AdamW 12K,head,8,6144,11400,50.209999999999994,50.209999999999994,3,rank0_local
matched_loss_scaling_break,160m,GPT2-160M,AdamW,adamw_12k,adamw_12k,AdamW 12K,head,8,6144,11600,50.435,50.435,3,rank0_local
matched_loss_scaling_break,160m,GPT2-160M,AdamW,adamw_12k,adamw_12k,AdamW 12K,head,8,6144,11800,47.019999999999996,50.209999999999994,3,rank0_local
matched_loss_scaling_break,160m,GPT2-160M,AdamW,adamw_12k,adamw_12k,AdamW 12K,head,8,6144,12000,47.29,47.29,3,rank0_local
matched_loss_scaling_break,160m,GPT2-160M,AdamW,adamw_12k,adamw_12k,AdamW 12K,mid,8,6144,1,151.84,151.84,3,rank0_local
matched_loss_scaling_break,160m,GPT2-160M,AdamW,adamw_12k,adamw_12k,AdamW 12K,mid,8,6144,200,1.895,76.8675,3,rank0_local
matched_loss_scaling_break,160m,GPT2-160M,AdamW,adamw_12k,adamw_12k,AdamW 12K,mid,8,6144,400,7.48,7.48,3,rank0_local
matched_loss_scaling_break,160m,GPT2-160M,AdamW,adamw_12k,adamw_12k,AdamW 12K,mid,8,6144,600,45.695,7.48,3,rank0_local
matched_loss_scaling_break,160m,GPT2-160M,AdamW,adamw_12k,adamw_12k,AdamW 12K,mid,8,6144,800,143.29000000000002,45.695,3,rank0_local
matched_loss_scaling_break,160m,GPT2-160M,AdamW,adamw_12k,adamw_12k,AdamW 12K,mid,8,6144,1000,275.8,143.29000000000002,3,rank0_local
matched_loss_scaling_break,160m,GPT2-160M,AdamW,adamw_12k,adamw_12k,AdamW 12K,mid,8,6144,1200,271.03999999999996,271.03999999999996,3,rank0_local
matched_loss_scaling_break,160m,GPT2-160M,AdamW,adamw_12k,adamw_12k,AdamW 12K,mid,8,6144,1400,355.89,275.8,3,rank0_local
matched_loss_scaling_break,160m,GPT2-160M,AdamW,adamw_12k,adamw_12k,AdamW 12K,mid,8,6144,1600,350.115,350.115,3,rank0_local
matched_loss_scaling_break,160m,GPT2-160M,AdamW,adamw_12k,adamw_12k,AdamW 12K,mid,8,6144,1800,354.48,354.48,3,rank0_local
matched_loss_scaling_break,160m,GPT2-160M,AdamW,adamw_12k,adamw_12k,AdamW 12K,mid,8,6144,2000,393.19,354.48,3,rank0_local
matched_loss_scaling_break,160m,GPT2-160M,AdamW,adamw_12k,adamw_12k,AdamW 12K,mid,8,6144,2200,340.775,354.48,3,rank0_local
matched_loss_scaling_break,160m,GPT2-160M,AdamW,adamw_12k,adamw_12k,AdamW 12K,mid,8,6144,2400,331.655,340.775,3,rank0_local
matched_loss_scaling_break,160m,GPT2-160M,AdamW,adamw_12k,adamw_12k,AdamW 12K,mid,8,6144,2600,298.145,331.655,3,rank0_local
matched_loss_scaling_break,160m,GPT2-160M,AdamW,adamw_12k,adamw_12k,AdamW 12K,mid,8,6144,2800,373.31,331.655,3,rank0_local
matched_loss_scaling_break,160m,GPT2-160M,AdamW,adamw_12k,adamw_12k,AdamW 12K,mid,8,6144,3000,202.33499999999998,298.145,3,rank0_local
matched_loss_scaling_break,160m,GPT2-160M,AdamW,adamw_12k,adamw_12k,AdamW 12K,mid,8,6144,3200,301.025,301.025,3,rank0_local
matched_loss_scaling_break,160m,GPT2-160M,AdamW,adamw_12k,adamw_12k,AdamW 12K,mid,8,6144,3400,323.485,301.025,3,rank0_local
matched_loss_scaling_break,160m,GPT2-160M,AdamW,adamw_12k,adamw_12k,AdamW 12K,mid,8,6144,3600,313.805,313.805,3,rank0_local
matched_loss_scaling_break,160m,GPT2-160M,AdamW,adamw_12k,adamw_12k,AdamW 12K,mid,8,6144,3800,330.295,323.485,3,rank0_local
matched_loss_scaling_break,160m,GPT2-160M,AdamW,adamw_12k,adamw_12k,AdamW 12K,mid,8,6144,4000,344.17,330.295,3,rank0_local
matched_loss_scaling_break,160m,GPT2-160M,AdamW,adamw_12k,adamw_12k,AdamW 12K,mid,8,6144,4200,299.16499999999996,330.295,3,rank0_local
matched_loss_scaling_break,160m,GPT2-160M,AdamW,adamw_12k,adamw_12k,AdamW 12K,mid,8,6144,4400,294.57,299.16499999999996,3,rank0_local
matched_loss_scaling_break,160m,GPT2-160M,AdamW,adamw_12k,adamw_12k,AdamW 12K,mid,8,6144,4600,288.725,294.57,3,rank0_local
matched_loss_scaling_break,160m,GPT2-160M,AdamW,adamw_12k,adamw_12k,AdamW 12K,mid,8,6144,4800,282.725,288.725,3,rank0_local
matched_loss_scaling_break,160m,GPT2-160M,AdamW,adamw_12k,adamw_12k,AdamW 12K,mid,8,6144,5000,310.12,288.725,3,rank0_local
matched_loss_scaling_break,160m,GPT2-160M,AdamW,adamw_12k,adamw_12k,AdamW 12K,mid,8,6144,5200,277.4,282.725,3,rank0_local
matched_loss_scaling_break,160m,GPT2-160M,AdamW,adamw_12k,adamw_12k,AdamW 12K,mid,8,6144,5400,302.775,302.775,3,rank0_local
matched_loss_scaling_break,160m,GPT2-160M,AdamW,adamw_12k,adamw_12k,AdamW 12K,mid,8,6144,5600,266.03,277.4,3,rank0_local
matched_loss_scaling_break,160m,GPT2-160M,AdamW,adamw_12k,adamw_12k,AdamW 12K,mid,8,6144,5800,229.66,266.03,3,rank0_local
matched_loss_scaling_break,160m,GPT2-160M,AdamW,adamw_12k,adamw_12k,AdamW 12K,mid,8,6144,6000,287.42499999999995,266.03,3,rank0_local
matched_loss_scaling_break,160m,GPT2-160M,AdamW,adamw_12k,adamw_12k,AdamW 12K,mid,8,6144,6200,280.205,280.205,3,rank0_local
matched_loss_scaling_break,160m,GPT2-160M,AdamW,adamw_12k,adamw_12k,AdamW 12K,mid,8,6144,6400,271.9,280.205,3,rank0_local
matched_loss_scaling_break,160m,GPT2-160M,AdamW,adamw_12k,adamw_12k,AdamW 12K,mid,8,6144,6600,291.01,280.205,3,rank0_local
matched_loss_scaling_break,160m,GPT2-160M,AdamW,adamw_12k,adamw_12k,AdamW 12K,mid,8,6144,6800,234.65500000000003,271.9,3,rank0_local
matched_loss_scaling_break,160m,GPT2-160M,AdamW,adamw_12k,adamw_12k,AdamW 12K,mid,8,6144,7000,257.435,257.435,3,rank0_local
matched_loss_scaling_break,160m,GPT2-160M,AdamW,adamw_12k,adamw_12k,AdamW 12K,mid,8,6144,7200,287.745,257.435,3,rank0_local
matched_loss_scaling_break,160m,GPT2-160M,AdamW,adamw_12k,adamw_12k,AdamW 12K,mid,8,6144,7400,232.555,257.435,3,rank0_local
matched_loss_scaling_break,160m,GPT2-160M,AdamW,adamw_12k,adamw_12k,AdamW 12K,mid,8,6144,7600,220.07,232.555,3,rank0_local
matched_loss_scaling_break,160m,GPT2-160M,AdamW,adamw_12k,adamw_12k,AdamW 12K,mid,8,6144,7800,208.92000000000002,220.07,3,rank0_local
matched_loss_scaling_break,160m,GPT2-160M,AdamW,adamw_12k,adamw_12k,AdamW 12K,mid,8,6144,8000,215.60500000000002,215.60500000000002,3,rank0_local
matched_loss_scaling_break,160m,GPT2-160M,AdamW,adamw_12k,adamw_12k,AdamW 12K,mid,8,6144,8200,199.195,208.92000000000002,3,rank0_local
matched_loss_scaling_break,160m,GPT2-160M,AdamW,adamw_12k,adamw_12k,AdamW 12K,mid,8,6144,8400,247.60000000000002,215.60500000000002,3,rank0_local
matched_loss_scaling_break,160m,GPT2-160M,AdamW,adamw_12k,adamw_12k,AdamW 12K,mid,8,6144,8600,209.23000000000002,209.23000000000002,3,rank0_local
matched_loss_scaling_break,160m,GPT2-160M,AdamW,adamw_12k,adamw_12k,AdamW 12K,mid,8,6144,8800,237.165,237.165,3,rank0_local
matched_loss_scaling_break,160m,GPT2-160M,AdamW,adamw_12k,adamw_12k,AdamW 12K,mid,8,6144,9000,214.53500000000003,214.53500000000003,3,rank0_local
matched_loss_scaling_break,160m,GPT2-160M,AdamW,adamw_12k,adamw_12k,AdamW 12K,mid,8,6144,9200,223.375,223.375,3,rank0_local
matched_loss_scaling_break,160m,GPT2-160M,AdamW,adamw_12k,adamw_12k,AdamW 12K,mid,8,6144,9400,217.425,217.425,3,rank0_local
matched_loss_scaling_break,160m,GPT2-160M,AdamW,adamw_12k,adamw_12k,AdamW 12K,mid,8,6144,9600,222.385,222.385,3,rank0_local
matched_loss_scaling_break,160m,GPT2-160M,AdamW,adamw_12k,adamw_12k,AdamW 12K,mid,8,6144,9800,186.0,217.425,3,rank0_local
matched_loss_scaling_break,160m,GPT2-160M,AdamW,adamw_12k,adamw_12k,AdamW 12K,mid,8,6144,10000,168.01999999999998,186.0,3,rank0_local
matched_loss_scaling_break,160m,GPT2-160M,AdamW,adamw_12k,adamw_12k,AdamW 12K,mid,8,6144,10200,206.825,186.0,3,rank0_local
matched_loss_scaling_break,160m,GPT2-160M,AdamW,adamw_12k,adamw_12k,AdamW 12K,mid,8,6144,10400,198.44,198.44,3,rank0_local
matched_loss_scaling_break,160m,GPT2-160M,AdamW,adamw_12k,adamw_12k,AdamW 12K,mid,8,6144,10600,221.7,206.825,3,rank0_local
matched_loss_scaling_break,160m,GPT2-160M,AdamW,adamw_12k,adamw_12k,AdamW 12K,mid,8,6144,10800,194.555,198.44,3,rank0_local
matched_loss_scaling_break,160m,GPT2-160M,AdamW,adamw_12k,adamw_12k,AdamW 12K,mid,8,6144,11000,204.805,204.805,3,rank0_local
matched_loss_scaling_break,160m,GPT2-160M,AdamW,adamw_12k,adamw_12k,AdamW 12K,mid,8,6144,11200,209.0,204.805,3,rank0_local
matched_loss_scaling_break,160m,GPT2-160M,AdamW,adamw_12k,adamw_12k,AdamW 12K,mid,8,6144,11400,207.16000000000003,207.16000000000003,3,rank0_local
matched_loss_scaling_break,160m,GPT2-160M,AdamW,adamw_12k,adamw_12k,AdamW 12K,mid,8,6144,11600,208.965,208.965,3,rank0_local
matched_loss_scaling_break,160m,GPT2-160M,AdamW,adamw_12k,adamw_12k,AdamW 12K,mid,8,6144,11800,217.82,208.965,3,rank0_local
matched_loss_scaling_break,160m,GPT2-160M,AdamW,adamw_12k,adamw_12k,AdamW 12K,mid,8,6144,12000,185.24,208.965,3,rank0_local
matched_loss_scaling_break,160m,GPT2-160M,AdamW,adamw_12k,adamw_12k,AdamW 12K,tail,8,6144,1,249.145,249.145,3,rank0_local
matched_loss_scaling_break,160m,GPT2-160M,AdamW,adamw_12k,adamw_12k,AdamW 12K,tail,8,6144,200,1.855,125.5,3,rank0_local
matched_loss_scaling_break,160m,GPT2-160M,AdamW,adamw_12k,adamw_12k,AdamW 12K,tail,8,6144,400,8.945,8.945,3,rank0_local
matched_loss_scaling_break,160m,GPT2-160M,AdamW,adamw_12k,adamw_12k,AdamW 12K,tail,8,6144,600,31.619999999999997,8.945,3,rank0_local
matched_loss_scaling_break,160m,GPT2-160M,AdamW,adamw_12k,adamw_12k,AdamW 12K,tail,8,6144,800,93.555,31.619999999999997,3,rank0_local
matched_loss_scaling_break,160m,GPT2-160M,AdamW,adamw_12k,adamw_12k,AdamW 12K,tail,8,6144,1000,201.88500000000002,93.555,3,rank0_local
matched_loss_scaling_break,160m,GPT2-160M,AdamW,adamw_12k,adamw_12k,AdamW 12K,tail,8,6144,1200,165.625,165.625,3,rank0_local
matched_loss_scaling_break,160m,GPT2-160M,AdamW,adamw_12k,adamw_12k,AdamW 12K,tail,8,6144,1400,264.36,201.88500000000002,3,rank0_local
matched_loss_scaling_break,160m,GPT2-160M,AdamW,adamw_12k,adamw_12k,AdamW 12K,tail,8,6144,1600,229.23000000000002,229.23000000000002,3,rank0_local
matched_loss_scaling_break,160m,GPT2-160M,AdamW,adamw_12k,adamw_12k,AdamW 12K,tail,8,6144,1800,292.42,264.36,3,rank0_local
matched_loss_scaling_break,160m,GPT2-160M,AdamW,adamw_12k,adamw_12k,AdamW 12K,tail,8,6144,2000,304.055,292.42,3,rank0_local
matched_loss_scaling_break,160m,GPT2-160M,AdamW,adamw_12k,adamw_12k,AdamW 12K,tail,8,6144,2200,308.97,304.055,3,rank0_local
matched_loss_scaling_break,160m,GPT2-160M,AdamW,adamw_12k,adamw_12k,AdamW 12K,tail,8,6144,2400,281.27,304.055,3,rank0_local
matched_loss_scaling_break,160m,GPT2-160M,AdamW,adamw_12k,adamw_12k,AdamW 12K,tail,8,6144,2600,333.91999999999996,308.97,3,rank0_local
matched_loss_scaling_break,160m,GPT2-160M,AdamW,adamw_12k,adamw_12k,AdamW 12K,tail,8,6144,2800,340.82500000000005,333.91999999999996,3,rank0_local
matched_loss_scaling_break,160m,GPT2-160M,AdamW,adamw_12k,adamw_12k,AdamW 12K,tail,8,6144,3000,323.005,333.91999999999996,3,rank0_local
matched_loss_scaling_break,160m,GPT2-160M,AdamW,adamw_12k,adamw_12k,AdamW 12K,tail,8,6144,3200,367.21500000000003,340.82500000000005,3,rank0_local
matched_loss_scaling_break,160m,GPT2-160M,AdamW,adamw_12k,adamw_12k,AdamW 12K,tail,8,6144,3400,370.29,367.21500000000003,3,rank0_local
matched_loss_scaling_break,160m,GPT2-160M,AdamW,adamw_12k,adamw_12k,AdamW 12K,tail,8,6144,3600,394.095,370.29,3,rank0_local
matched_loss_scaling_break,160m,GPT2-160M,AdamW,adamw_12k,adamw_12k,AdamW 12K,tail,8,6144,3800,394.32,394.095,3,rank0_local
matched_loss_scaling_break,160m,GPT2-160M,AdamW,adamw_12k,adamw_12k,AdamW 12K,tail,8,6144,4000,340.76,394.095,3,rank0_local
matched_loss_scaling_break,160m,GPT2-160M,AdamW,adamw_12k,adamw_12k,AdamW 12K,tail,8,6144,4200,367.015,367.015,3,rank0_local
matched_loss_scaling_break,160m,GPT2-160M,AdamW,adamw_12k,adamw_12k,AdamW 12K,tail,8,6144,4400,412.885,367.015,3,rank0_local
matched_loss_scaling_break,160m,GPT2-160M,AdamW,adamw_12k,adamw_12k,AdamW 12K,tail,8,6144,4600,343.21000000000004,367.015,3,rank0_local
matched_loss_scaling_break,160m,GPT2-160M,AdamW,adamw_12k,adamw_12k,AdamW 12K,tail,8,6144,4800,432.93,412.885,3,rank0_local
matched_loss_scaling_break,160m,GPT2-160M,AdamW,adamw_12k,adamw_12k,AdamW 12K,tail,8,6144,5000,392.62,392.62,3,rank0_local
matched_loss_scaling_break,160m,GPT2-160M,AdamW,adamw_12k,adamw_12k,AdamW 12K,tail,8,6144,5200,422.905,422.905,3,rank0_local
matched_loss_scaling_break,160m,GPT2-160M,AdamW,adamw_12k,adamw_12k,AdamW 12K,tail,8,6144,5400,446.2,422.905,3,rank0_local
matched_loss_scaling_break,160m,GPT2-160M,AdamW,adamw_12k,adamw_12k,AdamW 12K,tail,8,6144,5600,365.16499999999996,422.905,3,rank0_local
matched_loss_scaling_break,160m,GPT2-160M,AdamW,adamw_12k,adamw_12k,AdamW 12K,tail,8,6144,5800,413.035,413.035,3,rank0_local
matched_loss_scaling_break,160m,GPT2-160M,AdamW,adamw_12k,adamw_12k,AdamW 12K,tail,8,6144,6000,443.78999999999996,413.035,3,rank0_local
matched_loss_scaling_break,160m,GPT2-160M,AdamW,adamw_12k,adamw_12k,AdamW 12K,tail,8,6144,6200,438.405,438.405,3,rank0_local
matched_loss_scaling_break,160m,GPT2-160M,AdamW,adamw_12k,adamw_12k,AdamW 12K,tail,8,6144,6400,404.40999999999997,438.405,3,rank0_local
matched_loss_scaling_break,160m,GPT2-160M,AdamW,adamw_12k,adamw_12k,AdamW 12K,tail,8,6144,6600,404.5,404.5,3,rank0_local
matched_loss_scaling_break,160m,GPT2-160M,AdamW,adamw_12k,adamw_12k,AdamW 12K,tail,8,6144,6800,274.29499999999996,404.40999999999997,3,rank0_local
matched_loss_scaling_break,160m,GPT2-160M,AdamW,adamw_12k,adamw_12k,AdamW 12K,tail,8,6144,7000,278.8,278.8,3,rank0_local
matched_loss_scaling_break,160m,GPT2-160M,AdamW,adamw_12k,adamw_12k,AdamW 12K,tail,8,6144,7200,263.635,274.29499999999996,3,rank0_local
matched_loss_scaling_break,160m,GPT2-160M,AdamW,adamw_12k,adamw_12k,AdamW 12K,tail,8,6144,7400,212.95499999999998,263.635,3,rank0_local
matched_loss_scaling_break,160m,GPT2-160M,AdamW,adamw_12k,adamw_12k,AdamW 12K,tail,8,6144,7600,227.43,227.43,3,rank0_local
matched_loss_scaling_break,160m,GPT2-160M,AdamW,adamw_12k,adamw_12k,AdamW 12K,tail,8,6144,7800,277.475,227.43,3,rank0_local
matched_loss_scaling_break,160m,GPT2-160M,AdamW,adamw_12k,adamw_12k,AdamW 12K,tail,8,6144,8000,220.67000000000002,227.43,3,rank0_local
matched_loss_scaling_break,160m,GPT2-160M,AdamW,adamw_12k,adamw_12k,AdamW 12K,tail,8,6144,8200,228.40499999999997,228.40499999999997,3,rank0_local
matched_loss_scaling_break,160m,GPT2-160M,AdamW,adamw_12k,adamw_12k,AdamW 12K,tail,8,6144,8400,213.34,220.67000000000002,3,rank0_local
matched_loss_scaling_break,160m,GPT2-160M,AdamW,adamw_12k,adamw_12k,AdamW 12K,tail,8,6144,8600,198.2,213.34,3,rank0_local
matched_loss_scaling_break,160m,GPT2-160M,AdamW,adamw_12k,adamw_12k,AdamW 12K,tail,8,6144,8800,274.35,213.34,3,rank0_local
matched_loss_scaling_break,160m,GPT2-160M,AdamW,adamw_12k,adamw_12k,AdamW 12K,tail,8,6144,9000,249.98499999999999,249.98499999999999,3,rank0_local
matched_loss_scaling_break,160m,GPT2-160M,AdamW,adamw_12k,adamw_12k,AdamW 12K,tail,8,6144,9200,266.84000000000003,266.84000000000003,3,rank0_local
matched_loss_scaling_break,160m,GPT2-160M,AdamW,adamw_12k,adamw_12k,AdamW 12K,tail,8,6144,9400,258.055,258.055,3,rank0_local
matched_loss_scaling_break,160m,GPT2-160M,AdamW,adamw_12k,adamw_12k,AdamW 12K,tail,8,6144,9600,178.46,258.055,3,rank0_local
matched_loss_scaling_break,160m,GPT2-160M,AdamW,adamw_12k,adamw_12k,AdamW 12K,tail,8,6144,9800,273.015,258.055,3,rank0_local
matched_loss_scaling_break,160m,GPT2-160M,AdamW,adamw_12k,adamw_12k,AdamW 12K,tail,8,6144,10000,302.16999999999996,273.015,3,rank0_local
matched_loss_scaling_break,160m,GPT2-160M,AdamW,adamw_12k,adamw_12k,AdamW 12K,tail,8,6144,10200,315.145,302.16999999999996,3,rank0_local
matched_loss_scaling_break,160m,GPT2-160M,AdamW,adamw_12k,adamw_12k,AdamW 12K,tail,8,6144,10400,173.07,302.16999999999996,3,rank0_local
matched_loss_scaling_break,160m,GPT2-160M,AdamW,adamw_12k,adamw_12k,AdamW 12K,tail,8,6144,10600,227.895,227.895,3,rank0_local
matched_loss_scaling_break,160m,GPT2-160M,AdamW,adamw_12k,adamw_12k,AdamW 12K,tail,8,6144,10800,170.32,173.07,3,rank0_local
matched_loss_scaling_break,160m,GPT2-160M,AdamW,adamw_12k,adamw_12k,AdamW 12K,tail,8,6144,11000,343.3,227.895,3,rank0_local
matched_loss_scaling_break,160m,GPT2-160M,AdamW,adamw_12k,adamw_12k,AdamW 12K,tail,8,6144,11200,285.345,285.345,3,rank0_local
matched_loss_scaling_break,160m,GPT2-160M,AdamW,adamw_12k,adamw_12k,AdamW 12K,tail,8,6144,11400,204.005,285.345,3,rank0_local
matched_loss_scaling_break,160m,GPT2-160M,AdamW,adamw_12k,adamw_12k,AdamW 12K,tail,8,6144,11600,330.09000000000003,285.345,3,rank0_local
matched_loss_scaling_break,160m,GPT2-160M,AdamW,adamw_12k,adamw_12k,AdamW 12K,tail,8,6144,11800,215.36,215.36,3,rank0_local
matched_loss_scaling_break,160m,GPT2-160M,AdamW,adamw_12k,adamw_12k,AdamW 12K,tail,8,6144,12000,237.445,237.445,3,rank0_local
